[{"model": "admin.logentry", "pk": 1, "fields": {"action_time": "2023-04-27T06:00:22.032Z", "user": 1, "content_type": 26, "object_id": "2", "object_repr": "Dr. S. Chandra Sekhar Rao, MBBS, MS, MCH", "action_flag": 2, "change_message": "[{\"changed\": {\"fields\": [\"Notice\"]}}, {\"added\": {\"name\": \"Social Link\", \"object\": \"DoctorSocialLinks object (1)\"}}]"}}, {"model": "admin.logentry", "pk": 2, "fields": {"action_time": "2023-04-27T07:24:55.803Z", "user": 1, "content_type": 26, "object_id": "2", "object_repr": "Dr. S. Chandra Sekhar Rao, MBBS, MS, MCH", "action_flag": 2, "change_message": "[{\"added\": {\"name\": \"Social Link\", \"object\": \"DoctorSocialLinks object (2)\"}}, {\"added\": {\"name\": \"Social Link\", \"object\": \"DoctorSocialLinks object (3)\"}}]"}}, {"model": "admin.logentry", "pk": 3, "fields": {"action_time": "2023-04-27T08:50:02.322Z", "user": 1, "content_type": 26, "object_id": "2", "object_repr": "Dr. S. Chandra Sekhar Rao, MBBS, MS, MCH", "action_flag": 2, "change_message": "[{\"changed\": {\"fields\": [\"Notice\"]}}]"}}, {"model": "admin.logentry", "pk": 4, "fields": {"action_time": "2023-04-27T08:50:58.972Z", "user": 1, "content_type": 26, "object_id": "2", "object_repr": "Dr. S. Chandra Sekhar Rao, MBBS, MS, MCH", "action_flag": 2, "change_message": "[{\"changed\": {\"fields\": [\"Image\"]}}]"}}, {"model": "admin.logentry", "pk": 5, "fields": {"action_time": "2023-04-27T09:04:47.661Z", "user": 1, "content_type": 26, "object_id": "2", "object_repr": "Dr. S. Chandra Sekhar Rao, MBBS, MS, MCH", "action_flag": 2, "change_message": "[{\"changed\": {\"fields\": [\"Image\"]}}]"}}, {"model": "admin.logentry", "pk": 6, "fields": {"action_time": "2023-04-27T09:07:45.305Z", "user": 1, "content_type": 26, "object_id": "2", "object_repr": "Dr. S. Chandra Sekhar Rao, MBBS, MS, MCH", "action_flag": 2, "change_message": "[{\"changed\": {\"name\": \"Social Link\", \"object\": \"DoctorSocialLinks object (1)\", \"fields\": [\"Name\", \"Url\"]}}]"}}, {"model": "admin.logentry", "pk": 7, "fields": {"action_time": "2023-04-27T09:25:25.602Z", "user": 1, "content_type": 9, "object_id": "1", "object_repr": "HomePage object (1)", "action_flag": 2, "change_message": "[{\"changed\": {\"name\": \"testimonial\", \"object\": \"TESTIMONIAL object (1)\", \"fields\": [\"Image\"]}}]"}}, {"model": "admin.logentry", "pk": 8, "fields": {"action_time": "2023-04-27T09:41:39.049Z", "user": 1, "content_type": 9, "object_id": "1", "object_repr": "HomePage object (1)", "action_flag": 2, "change_message": "[{\"added\": {\"name\": \"testimonial\", \"object\": \"TESTIMONIAL object (3)\"}}]"}}, {"model": "admin.logentry", "pk": 9, "fields": {"action_time": "2023-04-27T10:19:39.785Z", "user": 1, "content_type": 9, "object_id": "1", "object_repr": "HomePage object (1)", "action_flag": 2, "change_message": "[{\"changed\": {\"fields\": [\"About-us text\"]}}]"}}, {"model": "admin.logentry", "pk": 10, "fields": {"action_time": "2023-04-27T10:21:27.262Z", "user": 1, "content_type": 9, "object_id": "1", "object_repr": "HomePage object (1)", "action_flag": 2, "change_message": "[{\"changed\": {\"fields\": [\"About-us text\"]}}]"}}, {"model": "admin.logentry", "pk": 11, "fields": {"action_time": "2023-04-27T10:53:00.179Z", "user": 1, "content_type": 26, "object_id": "3", "object_repr": "Dr. S. Nirmala, MBBS, MD, DGO", "action_flag": 2, "change_message": "[{\"changed\": {\"fields\": [\"Notice\"]}}, {\"added\": {\"name\": \"Social Link\", \"object\": \"DoctorSocialLinks object (4)\"}}, {\"added\": {\"name\": \"Social Link\", \"object\": \"DoctorSocialLinks object (5)\"}}]"}}, {"model": "admin.logentry", "pk": 12, "fields": {"action_time": "2023-04-28T07:44:04.133Z", "user": 1, "content_type": 9, "object_id": "1", "object_repr": "Home Page Data", "action_flag": 2, "change_message": "[{\"changed\": {\"fields\": [\"Large image\", \"Text on lagre image\"]}}]"}}, {"model": "admin.logentry", "pk": 13, "fields": {"action_time": "2023-04-28T09:17:58.620Z", "user": 1, "content_type": 9, "object_id": "1", "object_repr": "Home Page Data", "action_flag": 2, "change_message": "[{\"changed\": {\"fields\": [\"Large image\"]}}]"}}, {"model": "admin.logentry", "pk": 14, "fields": {"action_time": "2023-04-28T09:18:35.186Z", "user": 1, "content_type": 9, "object_id": "1", "object_repr": "Home Page Data", "action_flag": 2, "change_message": "[{\"changed\": {\"fields\": [\"Large image\"]}}]"}}, {"model": "admin.logentry", "pk": 15, "fields": {"action_time": "2023-04-28T09:19:05.173Z", "user": 1, "content_type": 9, "object_id": "1", "object_repr": "Home Page Data", "action_flag": 2, "change_message": "[{\"changed\": {\"fields\": [\"Large image\"]}}]"}}, {"model": "admin.logentry", "pk": 16, "fields": {"action_time": "2023-04-29T08:18:53.434Z", "user": 1, "content_type": 14, "object_id": "5", "object_repr": "de", "action_flag": 2, "change_message": "[{\"changed\": {\"fields\": [\"Type\"]}}]"}}, {"model": "admin.logentry", "pk": 17, "fields": {"action_time": "2023-05-01T05:11:29.432Z", "user": 1, "content_type": 45, "object_id": "3", "object_repr": "Eye Care", "action_flag": 2, "change_message": "[{\"changed\": {\"fields\": [\"Status\"]}}]"}}, {"model": "admin.logentry", "pk": 18, "fields": {"action_time": "2023-05-01T05:11:44.470Z", "user": 1, "content_type": 45, "object_id": "2", "object_repr": "Painless Labour", "action_flag": 2, "change_message": "[{\"changed\": {\"fields\": [\"Status\"]}}]"}}, {"model": "admin.logentry", "pk": 19, "fields": {"action_time": "2023-05-01T05:11:54.306Z", "user": 1, "content_type": 45, "object_id": "1", "object_repr": "Advanced Maternity Care", "action_flag": 2, "change_message": "[{\"changed\": {\"fields\": [\"Status\"]}}]"}}, {"model": "admin.logentry", "pk": 20, "fields": {"action_time": "2023-05-01T05:12:40.236Z", "user": 1, "content_type": 26, "object_id": "8", "object_repr": "Dr. E.S.Radhe Shyam", "action_flag": 2, "change_message": "[{\"changed\": {\"fields\": [\"Status\"]}}]"}}, {"model": "admin.logentry", "pk": 21, "fields": {"action_time": "2023-05-01T05:12:53.267Z", "user": 1, "content_type": 26, "object_id": "7", "object_repr": "Dr. B. Sainath", "action_flag": 2, "change_message": "[{\"changed\": {\"fields\": [\"Status\"]}}]"}}, {"model": "admin.logentry", "pk": 22, "fields": {"action_time": "2023-05-01T05:13:08.204Z", "user": 1, "content_type": 26, "object_id": "3", "object_repr": "Dr. S. Nirmala Rao, MBBS, MD, DGO", "action_flag": 2, "change_message": "[{\"changed\": {\"fields\": [\"Status\"]}}]"}}, {"model": "admin.logentry", "pk": 23, "fields": {"action_time": "2023-05-01T05:13:19.272Z", "user": 1, "content_type": 26, "object_id": "2", "object_repr": "Dr. S. Chandra Sekhar Rao, MBBS, MS, MCH", "action_flag": 2, "change_message": "[{\"changed\": {\"fields\": [\"Status\"]}}]"}}, {"model": "admin.logentry", "pk": 24, "fields": {"action_time": "2023-05-01T06:01:43.602Z", "user": 1, "content_type": 14, "object_id": "5", "object_repr": "Physician", "action_flag": 2, "change_message": "[{\"changed\": {\"fields\": [\"Medical Specialty\"]}}]"}}, {"model": "admin.logentry", "pk": 25, "fields": {"action_time": "2023-05-01T06:03:01.095Z", "user": 1, "content_type": 14, "object_id": "5", "object_repr": "Physician", "action_flag": 2, "change_message": "[{\"changed\": {\"fields\": [\"Map id\"]}}]"}}, {"model": "admin.logentry", "pk": 26, "fields": {"action_time": "2023-05-01T06:17:36.198Z", "user": 1, "content_type": 14, "object_id": "5", "object_repr": "Physician", "action_flag": 2, "change_message": "[{\"changed\": {\"name\": \"opening hours\", \"object\": \"OpeningHours object (2)\", \"fields\": [\"Timming\"]}}, {\"changed\": {\"name\": \"opening hours\", \"object\": \"OpeningHours object (3)\", \"fields\": [\"Timming\"]}}, {\"changed\": {\"name\": \"opening hours\", \"object\": \"OpeningHours object (4)\", \"fields\": [\"Timming\"]}}, {\"changed\": {\"name\": \"opening hours\", \"object\": \"OpeningHours object (5)\", \"fields\": [\"Timming\"]}}, {\"changed\": {\"name\": \"opening hours\", \"object\": \"OpeningHours object (6)\", \"fields\": [\"Timming\"]}}, {\"changed\": {\"name\": \"opening hours\", \"object\": \"OpeningHours object (7)\", \"fields\": [\"Timming\"]}}, {\"changed\": {\"name\": \"opening hours\", \"object\": \"OpeningHours object (8)\", \"fields\": [\"Timming\"]}}]"}}, {"model": "admin.logentry", "pk": 27, "fields": {"action_time": "2023-05-01T06:21:35.016Z", "user": 1, "content_type": 14, "object_id": "5", "object_repr": "Physician", "action_flag": 2, "change_message": "[{\"changed\": {\"name\": \"adress\", \"object\": \"Adress object (2)\", \"fields\": [\"PostalCode\", \"AddressRegion\", \"StreetAddress\", \"AddressLocality\"]}}]"}}, {"model": "admin.logentry", "pk": 28, "fields": {"action_time": "2023-05-01T06:25:51.012Z", "user": 1, "content_type": 14, "object_id": "5", "object_repr": "Physician", "action_flag": 2, "change_message": "[{\"changed\": {\"name\": \"geo\", \"object\": \"Geo object (2)\", \"fields\": [\"Name\", \"PostalCode\", \"Latitude\", \"Longitude\"]}}]"}}, {"model": "admin.logentry", "pk": 29, "fields": {"action_time": "2023-05-01T06:30:24.361Z", "user": 1, "content_type": 14, "object_id": "5", "object_repr": "Physician", "action_flag": 2, "change_message": "[{\"changed\": {\"fields\": [\"HasMap\", \"Telephone\"]}}]"}}, {"model": "admin.logentry", "pk": 30, "fields": {"action_time": "2023-05-01T06:30:46.065Z", "user": 1, "content_type": 14, "object_id": "5", "object_repr": "Physician", "action_flag": 2, "change_message": "[{\"changed\": {\"fields\": [\"Logo\"]}}]"}}, {"model": "admin.logentry", "pk": 31, "fields": {"action_time": "2023-05-01T06:34:23.030Z", "user": 1, "content_type": 14, "object_id": "5", "object_repr": "Physician", "action_flag": 2, "change_message": "[{\"changed\": {\"name\": \"adress\", \"object\": \"Adress object (2)\", \"fields\": [\"AddressRegion\", \"AddressLocality\"]}}]"}}, {"model": "admin.logentry", "pk": 32, "fields": {"action_time": "2023-05-01T06:37:14.259Z", "user": 1, "content_type": 14, "object_id": "5", "object_repr": "Physician", "action_flag": 2, "change_message": "[{\"changed\": {\"name\": \"area served\", \"object\": \"AreaServed object (2)\", \"fields\": [\"Name\", \"Url\"]}}, {\"deleted\": {\"name\": \"area served\", \"object\": \"AreaServed object (None)\"}}]"}}, {"model": "admin.logentry", "pk": 33, "fields": {"action_time": "2023-05-01T06:37:45.166Z", "user": 1, "content_type": 14, "object_id": "5", "object_repr": "Physician", "action_flag": 2, "change_message": "[{\"changed\": {\"name\": \"geo\", \"object\": \"Geo object (2)\", \"fields\": [\"Description\"]}}]"}}, {"model": "admin.logentry", "pk": 34, "fields": {"action_time": "2023-05-01T06:40:06.273Z", "user": 1, "content_type": 14, "object_id": "5", "object_repr": "Physician", "action_flag": 2, "change_message": "[{\"changed\": {\"name\": \"contact point\", \"object\": \"ContactPoint object (2)\", \"fields\": [\"Telephone\", \"Email\"]}}]"}}, {"model": "admin.logentry", "pk": 35, "fields": {"action_time": "2023-05-01T06:40:37.994Z", "user": 1, "content_type": 14, "object_id": "5", "object_repr": "Physician", "action_flag": 2, "change_message": "[{\"deleted\": {\"name\": \"image\", \"object\": \"Image object (None)\"}}]"}}, {"model": "admin.logentry", "pk": 36, "fields": {"action_time": "2023-05-01T06:43:16.161Z", "user": 1, "content_type": 14, "object_id": "5", "object_repr": "Physician", "action_flag": 2, "change_message": "[{\"deleted\": {\"name\": \"image\", \"object\": \"Image object (None)\"}}]"}}, {"model": "admin.logentry", "pk": 37, "fields": {"action_time": "2023-05-01T06:47:00.121Z", "user": 1, "content_type": 14, "object_id": "5", "object_repr": "Physician", "action_flag": 2, "change_message": "[{\"changed\": {\"fields\": [\"Url\", \"Name\", \"AlternateName\", \"Description\", \"DisambiguatingDescription\", \"SameAs\"]}}]"}}, {"model": "admin.logentry", "pk": 38, "fields": {"action_time": "2023-05-01T06:52:58.976Z", "user": 1, "content_type": 14, "object_id": "5", "object_repr": "Physician", "action_flag": 2, "change_message": "[{\"deleted\": {\"name\": \"haspart\", \"object\": \"Haspart object (None)\"}}]"}}, {"model": "admin.logentry", "pk": 39, "fields": {"action_time": "2023-05-01T06:53:31.383Z", "user": 1, "content_type": 14, "object_id": "5", "object_repr": "Physician", "action_flag": 2, "change_message": "[{\"changed\": {\"name\": \"haspart\", \"object\": \"Haspart object (2)\", \"fields\": [\"Url\"]}}, {\"changed\": {\"name\": \"haspart\", \"object\": \"Haspart object (4)\", \"fields\": [\"Url\"]}}, {\"changed\": {\"name\": \"haspart\", \"object\": \"Haspart object (5)\", \"fields\": [\"Url\"]}}, {\"changed\": {\"name\": \"haspart\", \"object\": \"Haspart object (7)\", \"fields\": [\"Url\"]}}]"}}, {"model": "admin.logentry", "pk": 40, "fields": {"action_time": "2023-05-01T07:57:31.733Z", "user": 1, "content_type": 45, "object_id": "3", "object_repr": "Tooth Extraction", "action_flag": 2, "change_message": "[{\"changed\": {\"fields\": [\"Name\", \"Slug\", \"Type\", \"Additional type\", \"Brand\", \"Description\", \"Image\", \"Image caption\", \"Is part of\"]}}, {\"changed\": {\"name\": \"service about\", \"object\": \"ServiceAbout object (3)\", \"fields\": [\"Name\", \"Same as\"]}}, {\"deleted\": {\"name\": \"service mentions\", \"object\": \"ServiceMentions object (None)\"}}]"}}, {"model": "admin.logentry", "pk": 41, "fields": {"action_time": "2023-05-01T07:59:34.464Z", "user": 1, "content_type": 45, "object_id": "3", "object_repr": "Dental Extraction", "action_flag": 2, "change_message": "[{\"changed\": {\"fields\": [\"Name\", \"Slug\", \"Content\"]}}]"}}, {"model": "admin.logentry", "pk": 42, "fields": {"action_time": "2023-05-01T08:00:43.342Z", "user": 1, "content_type": 45, "object_id": "3", "object_repr": "Dental Extraction", "action_flag": 2, "change_message": "[{\"changed\": {\"fields\": [\"Slug\"]}}]"}}, {"model": "admin.logentry", "pk": 43, "fields": {"action_time": "2023-05-01T08:03:10.087Z", "user": 1, "content_type": 45, "object_id": "2", "object_repr": "Root Canal", "action_flag": 2, "change_message": "[{\"changed\": {\"fields\": [\"Name\", \"Slug\", \"Type\"]}}]"}}, {"model": "admin.logentry", "pk": 44, "fields": {"action_time": "2023-05-01T08:03:19.048Z", "user": 1, "content_type": 45, "object_id": "1", "object_repr": "Advanced Maternity Care", "action_flag": 3, "change_message": ""}}, {"model": "admin.logentry", "pk": 45, "fields": {"action_time": "2023-05-01T08:03:33.528Z", "user": 1, "content_type": 45, "object_id": "3", "object_repr": "Dental Extraction", "action_flag": 2, "change_message": "[{\"changed\": {\"fields\": [\"Type\"]}}]"}}, {"model": "admin.logentry", "pk": 46, "fields": {"action_time": "2023-05-01T08:05:28.683Z", "user": 1, "content_type": 45, "object_id": "2", "object_repr": "Root Canal", "action_flag": 2, "change_message": "[{\"changed\": {\"fields\": [\"Additional type\", \"Brand\", \"Description\", \"Image\", \"Image caption\", \"Is part of\"]}}, {\"deleted\": {\"name\": \"service mentions\", \"object\": \"ServiceMentions object (None)\"}}]"}}, {"model": "admin.logentry", "pk": 47, "fields": {"action_time": "2023-05-01T08:06:55.350Z", "user": 1, "content_type": 45, "object_id": "2", "object_repr": "Root Canal", "action_flag": 2, "change_message": "[{\"changed\": {\"fields\": [\"Content\"]}}]"}}, {"model": "admin.logentry", "pk": 48, "fields": {"action_time": "2023-05-01T08:07:23.255Z", "user": 1, "content_type": 45, "object_id": "2", "object_repr": "Root Canal", "action_flag": 2, "change_message": "[{\"changed\": {\"fields\": [\"Content\"]}}, {\"changed\": {\"name\": \"service about\", \"object\": \"ServiceAbout object (2)\", \"fields\": [\"Name\", \"Same as\"]}}]"}}, {"model": "admin.logentry", "pk": 49, "fields": {"action_time": "2023-05-01T08:12:53.151Z", "user": 1, "content_type": 9, "object_id": "1", "object_repr": "Home Page Data", "action_flag": 2, "change_message": "[{\"changed\": {\"fields\": [\"Large image\"]}}]"}}, {"model": "admin.logentry", "pk": 50, "fields": {"action_time": "2023-05-01T08:16:43.476Z", "user": 1, "content_type": 9, "object_id": "1", "object_repr": "Home Page Data", "action_flag": 2, "change_message": "[{\"changed\": {\"fields\": [\"Large image\"]}}]"}}, {"model": "admin.logentry", "pk": 51, "fields": {"action_time": "2023-05-01T08:18:36.975Z", "user": 1, "content_type": 9, "object_id": "1", "object_repr": "Home Page Data", "action_flag": 2, "change_message": "[{\"changed\": {\"fields\": [\"Text on lagre image\"]}}]"}}, {"model": "admin.logentry", "pk": 52, "fields": {"action_time": "2023-05-01T08:20:20.680Z", "user": 1, "content_type": 9, "object_id": "1", "object_repr": "Home Page Data", "action_flag": 2, "change_message": "[{\"changed\": {\"fields\": [\"Service subheading\"]}}]"}}, {"model": "admin.logentry", "pk": 53, "fields": {"action_time": "2023-05-01T08:31:49.171Z", "user": 1, "content_type": 9, "object_id": "1", "object_repr": "Home Page Data", "action_flag": 2, "change_message": "[{\"changed\": {\"fields\": [\"About-us image\"]}}]"}}, {"model": "admin.logentry", "pk": 54, "fields": {"action_time": "2023-05-01T08:33:43.274Z", "user": 1, "content_type": 9, "object_id": "1", "object_repr": "Home Page Data", "action_flag": 2, "change_message": "[{\"changed\": {\"fields\": [\"About-us image\"]}}]"}}, {"model": "admin.logentry", "pk": 55, "fields": {"action_time": "2023-05-01T08:39:46.036Z", "user": 1, "content_type": 7, "object_id": "1", "object_repr": "Sreehaas Dental Hospital - published", "action_flag": 2, "change_message": "[{\"changed\": {\"fields\": [\"Site name\", \"Nav brand html\"]}}]"}}, {"model": "admin.logentry", "pk": 56, "fields": {"action_time": "2023-05-01T08:41:20.156Z", "user": 1, "content_type": 7, "object_id": "1", "object_repr": "Sreehaas Dental Hospital - published", "action_flag": 2, "change_message": "[{\"changed\": {\"fields\": [\"Logo\", \"Favicon\"]}}]"}}, {"model": "admin.logentry", "pk": 57, "fields": {"action_time": "2023-05-01T08:43:10.027Z", "user": 1, "content_type": 14, "object_id": "5", "object_repr": "Physician", "action_flag": 2, "change_message": "[{\"changed\": {\"fields\": [\"Logo\"]}}]"}}, {"model": "admin.logentry", "pk": 58, "fields": {"action_time": "2023-05-01T08:52:54.286Z", "user": 1, "content_type": 9, "object_id": "1", "object_repr": "Home Page Data", "action_flag": 2, "change_message": "[{\"changed\": {\"fields\": [\"About-us text\", \"Doctor subheading\"]}}]"}}, {"model": "admin.logentry", "pk": 59, "fields": {"action_time": "2023-05-01T08:58:00.969Z", "user": 1, "content_type": 14, "object_id": "5", "object_repr": "Physician", "action_flag": 2, "change_message": "[{\"changed\": {\"fields\": [\"Medical Specialty\"]}}]"}}, {"model": "admin.logentry", "pk": 60, "fields": {"action_time": "2023-05-01T08:59:53.558Z", "user": 1, "content_type": 7, "object_id": "1", "object_repr": "Sreehaas Dental Hospital - published", "action_flag": 2, "change_message": "[{\"changed\": {\"fields\": [\"Site url\", \"Copyright text\"]}}]"}}, {"model": "admin.logentry", "pk": 61, "fields": {"action_time": "2023-05-01T09:03:06.552Z", "user": 1, "content_type": 9, "object_id": "1", "object_repr": "Home Page Data", "action_flag": 2, "change_message": "[{\"changed\": {\"name\": \"testimonial\", \"object\": \"TESTIMONIAL object (2)\", \"fields\": [\"Comment\", \"CustomerName\"]}}, {\"changed\": {\"name\": \"testimonial\", \"object\": \"TESTIMONIAL object (3)\", \"fields\": [\"Comment\", \"CustomerName\"]}}]"}}, {"model": "admin.logentry", "pk": 62, "fields": {"action_time": "2023-05-01T09:06:29.307Z", "user": 1, "content_type": 9, "object_id": "1", "object_repr": "Home Page Data", "action_flag": 2, "change_message": "[{\"changed\": {\"name\": \"testimonial\", \"object\": \"TESTIMONIAL object (1)\", \"fields\": [\"Comment\", \"CustomerName\"]}}]"}}, {"model": "admin.logentry", "pk": 63, "fields": {"action_time": "2023-05-01T10:28:42.922Z", "user": 1, "content_type": 8, "object_id": "1", "object_repr": "/", "action_flag": 2, "change_message": "[{\"changed\": {\"fields\": [\"Meta title\", \"Meta desc\"]}}]"}}, {"model": "admin.logentry", "pk": 64, "fields": {"action_time": "2023-05-01T12:21:03.687Z", "user": 1, "content_type": 14, "object_id": "5", "object_repr": "Physician", "action_flag": 2, "change_message": "[{\"changed\": {\"fields\": [\"Map id\"]}}]"}}, {"model": "admin.logentry", "pk": 65, "fields": {"action_time": "2023-05-01T12:26:13.703Z", "user": 1, "content_type": 14, "object_id": "5", "object_repr": "Physician", "action_flag": 2, "change_message": "[{\"changed\": {\"fields\": [\"Map id\"]}}]"}}, {"model": "admin.logentry", "pk": 66, "fields": {"action_time": "2023-05-01T12:55:12.911Z", "user": 1, "content_type": 14, "object_id": "5", "object_repr": "Physician", "action_flag": 2, "change_message": "[{\"changed\": {\"fields\": [\"Map id\"]}}]"}}, {"model": "admin.logentry", "pk": 67, "fields": {"action_time": "2023-05-02T04:39:09.331Z", "user": 1, "content_type": 14, "object_id": "5", "object_repr": "Physician", "action_flag": 2, "change_message": "[{\"changed\": {\"name\": \"geo\", \"object\": \"Geo object (2)\", \"fields\": [\"Latitude\", \"Longitude\"]}}]"}}, {"model": "admin.logentry", "pk": 68, "fields": {"action_time": "2023-05-02T07:52:12.783Z", "user": 1, "content_type": 14, "object_id": "5", "object_repr": "Physician", "action_flag": 2, "change_message": "[]"}}, {"model": "admin.logentry", "pk": 69, "fields": {"action_time": "2023-05-02T07:56:26.381Z", "user": 1, "content_type": 26, "object_id": "8", "object_repr": "Dr. Viswa Tejeshwar Rao", "action_flag": 2, "change_message": "[{\"changed\": {\"fields\": [\"Name\", \"Slug\", \"Additional name\"]}}]"}}, {"model": "admin.logentry", "pk": 70, "fields": {"action_time": "2023-05-02T07:56:35.780Z", "user": 1, "content_type": 26, "object_id": "8", "object_repr": "Dr. Viswa Tejeshwar Rao", "action_flag": 2, "change_message": "[{\"changed\": {\"fields\": [\"Image\"]}}]"}}, {"model": "admin.logentry", "pk": 71, "fields": {"action_time": "2023-05-02T07:58:34.936Z", "user": 1, "content_type": 26, "object_id": "8", "object_repr": "Dr. Viswa Tejeshwar Rao", "action_flag": 2, "change_message": "[{\"changed\": {\"fields\": [\"Image caption\", \"Job title\", \"Description\"]}}, {\"deleted\": {\"name\": \"Alumni College or University\", \"object\": \"DoctorAlumni object (None)\"}}]"}}, {"model": "admin.logentry", "pk": 72, "fields": {"action_time": "2023-05-02T08:00:41.085Z", "user": 1, "content_type": 26, "object_id": "8", "object_repr": "Dr. Viswa Tejeshwar Rao", "action_flag": 2, "change_message": "[{\"added\": {\"name\": \"Alumni College or University\", \"object\": \"DoctorAlumni object (14)\"}}, {\"changed\": {\"name\": \"Expertise\", \"object\": \"DoctorExpertise object (35)\", \"fields\": [\"Name\"]}}]"}}, {"model": "admin.logentry", "pk": 73, "fields": {"action_time": "2023-05-02T08:08:00.234Z", "user": 1, "content_type": 26, "object_id": "8", "object_repr": "Dr. Viswa Tejeshwar Rao", "action_flag": 2, "change_message": "[{\"changed\": {\"name\": \"Occupation\", \"object\": \"DoctorOccupation object (9)\", \"fields\": [\"Name\", \"Category\", \"Description\"]}}]"}}, {"model": "admin.logentry", "pk": 74, "fields": {"action_time": "2023-05-02T08:09:00.600Z", "user": 1, "content_type": 26, "object_id": "8", "object_repr": "Dr. Viswa Tejeshwar Rao", "action_flag": 2, "change_message": "[{\"changed\": {\"fields\": [\"Job title\"]}}]"}}, {"model": "admin.logentry", "pk": 75, "fields": {"action_time": "2023-05-02T08:15:53.613Z", "user": 1, "content_type": 26, "object_id": "7", "object_repr": "Dr. Vishwatejarao", "action_flag": 2, "change_message": "[{\"changed\": {\"fields\": [\"Name\", \"Slug\", \"Additional name\", \"Image\", \"Image caption\", \"Job title\", \"Description\"]}}, {\"changed\": {\"name\": \"Occupation\", \"object\": \"DoctorOccupation object (8)\", \"fields\": [\"Name\", \"Category\", \"Description\"]}}, {\"changed\": {\"name\": \"Alumni College or University\", \"object\": \"DoctorAlumni object (12)\", \"fields\": [\"Program name\", \"College/university name\"]}}, {\"deleted\": {\"name\": \"Expertise\", \"object\": \"DoctorExpertise object (None)\"}}, {\"deleted\": {\"name\": \"Expertise\", \"object\": \"DoctorExpertise object (None)\"}}, {\"deleted\": {\"name\": \"Expertise\", \"object\": \"DoctorExpertise object (None)\"}}, {\"deleted\": {\"name\": \"Expertise\", \"object\": \"DoctorExpertise object (None)\"}}, {\"deleted\": {\"name\": \"Award\", \"object\": \"DoctorAward object (None)\"}}, {\"deleted\": {\"name\": \"Award\", \"object\": \"DoctorAward object (None)\"}}, {\"deleted\": {\"name\": \"Award\", \"object\": \"DoctorAward object (None)\"}}, {\"deleted\": {\"name\": \"Award\", \"object\": \"DoctorAward object (None)\"}}]"}}, {"model": "admin.logentry", "pk": 76, "fields": {"action_time": "2023-05-02T08:16:56.425Z", "user": 1, "content_type": 26, "object_id": "8", "object_repr": "Dr. Viswa Tejeshwar Rao", "action_flag": 2, "change_message": "[{\"changed\": {\"name\": \"Expertise\", \"object\": \"DoctorExpertise object (35)\", \"fields\": [\"Url\"]}}]"}}, {"model": "admin.logentry", "pk": 77, "fields": {"action_time": "2023-05-02T08:16:59.593Z", "user": 1, "content_type": 26, "object_id": "7", "object_repr": "Dr. Vishwatejarao", "action_flag": 2, "change_message": "[{\"added\": {\"name\": \"Expertise\", \"object\": \"DoctorExpertise object (36)\"}}]"}}, {"model": "admin.logentry", "pk": 78, "fields": {"action_time": "2023-05-02T08:18:14.978Z", "user": 1, "content_type": 26, "object_id": "6", "object_repr": "Dr. Palanki Satya Dattatreya", "action_flag": 3, "change_message": ""}}, {"model": "admin.logentry", "pk": 79, "fields": {"action_time": "2023-05-02T08:18:15.000Z", "user": 1, "content_type": 26, "object_id": "3", "object_repr": "Dr. S. Nirmala Rao, MBBS, MD, DGO", "action_flag": 3, "change_message": ""}}, {"model": "admin.logentry", "pk": 80, "fields": {"action_time": "2023-05-02T08:18:15.019Z", "user": 1, "content_type": 26, "object_id": "2", "object_repr": "Dr. S. Chandra Sekhar Rao, MBBS, MS, MCH", "action_flag": 3, "change_message": ""}}, {"model": "admin.logentry", "pk": 81, "fields": {"action_time": "2023-05-02T08:26:50.156Z", "user": 1, "content_type": 9, "object_id": "1", "object_repr": "Home Page Data", "action_flag": 2, "change_message": "[{\"changed\": {\"fields\": [\"About-us text\"]}}]"}}, {"model": "admin.logentry", "pk": 82, "fields": {"action_time": "2023-05-02T08:29:42.328Z", "user": 1, "content_type": 9, "object_id": "1", "object_repr": "Home Page Data", "action_flag": 2, "change_message": "[{\"changed\": {\"fields\": [\"About-us text\"]}}]"}}, {"model": "admin.logentry", "pk": 83, "fields": {"action_time": "2023-05-02T08:35:04.574Z", "user": 1, "content_type": 45, "object_id": "4", "object_repr": "Dental Extraction", "action_flag": 1, "change_message": "[{\"added\": {}}, {\"added\": {\"name\": \"service about\", \"object\": \"ServiceAbout object (4)\"}}]"}}, {"model": "admin.logentry", "pk": 84, "fields": {"action_time": "2023-05-02T08:35:31.623Z", "user": 1, "content_type": 45, "object_id": "4", "object_repr": "Dental Extraction", "action_flag": 2, "change_message": "[{\"changed\": {\"fields\": [\"Content\"]}}]"}}, {"model": "admin.logentry", "pk": 85, "fields": {"action_time": "2023-05-02T08:35:46.755Z", "user": 1, "content_type": 45, "object_id": "4", "object_repr": "Dental Extraction", "action_flag": 2, "change_message": "[{\"changed\": {\"fields\": [\"Status\"]}}]"}}, {"model": "admin.logentry", "pk": 86, "fields": {"action_time": "2023-05-02T08:42:33.469Z", "user": 1, "content_type": 45, "object_id": "5", "object_repr": "Root Canal", "action_flag": 1, "change_message": "[{\"added\": {}}, {\"added\": {\"name\": \"service about\", \"object\": \"ServiceAbout object (5)\"}}]"}}, {"model": "admin.logentry", "pk": 87, "fields": {"action_time": "2023-05-02T08:49:37.168Z", "user": 1, "content_type": 45, "object_id": "6", "object_repr": "Wisdom Tooth Extraction", "action_flag": 1, "change_message": "[{\"added\": {}}, {\"added\": {\"name\": \"service about\", \"object\": \"ServiceAbout object (6)\"}}]"}}, {"model": "admin.logentry", "pk": 88, "fields": {"action_time": "2023-05-02T09:24:50.263Z", "user": 1, "content_type": 7, "object_id": "1", "object_repr": "Sreehaas Dental Hospital - published", "action_flag": 2, "change_message": "[{\"changed\": {\"fields\": [\"Nav brand html\"]}}]"}}, {"model": "admin.logentry", "pk": 89, "fields": {"action_time": "2023-05-02T09:25:10.708Z", "user": 1, "content_type": 7, "object_id": "1", "object_repr": "Sreehaas Dental Hospital - published", "action_flag": 2, "change_message": "[{\"changed\": {\"fields\": [\"Nav brand html\"]}}]"}}, {"model": "admin.logentry", "pk": 90, "fields": {"action_time": "2023-05-02T09:25:28.988Z", "user": 1, "content_type": 7, "object_id": "1", "object_repr": "Sreehaas Dental Hospital - published", "action_flag": 2, "change_message": "[{\"changed\": {\"fields\": [\"Nav brand html\"]}}]"}}, {"model": "admin.logentry", "pk": 91, "fields": {"action_time": "2023-05-02T09:25:50.220Z", "user": 1, "content_type": 7, "object_id": "1", "object_repr": "Sreehaas Dental Hospital - published", "action_flag": 2, "change_message": "[{\"changed\": {\"fields\": [\"Nav brand html\"]}}]"}}, {"model": "admin.logentry", "pk": 92, "fields": {"action_time": "2023-05-02T09:31:04.840Z", "user": 1, "content_type": 7, "object_id": "1", "object_repr": "Sreehaas Dental Hospital - published", "action_flag": 2, "change_message": "[{\"changed\": {\"fields\": [\"Site url\", \"Social links html\", \"Copyright text\"]}}]"}}, {"model": "admin.logentry", "pk": 93, "fields": {"action_time": "2023-05-02T09:31:31.066Z", "user": 1, "content_type": 7, "object_id": "1", "object_repr": "Sreehaas Dental Hospital - published", "action_flag": 2, "change_message": "[{\"changed\": {\"fields\": [\"Copyright text\"]}}]"}}, {"model": "admin.logentry", "pk": 94, "fields": {"action_time": "2023-05-02T09:36:33.604Z", "user": 1, "content_type": 45, "object_id": "6", "object_repr": "Wisdom Tooth Extraction", "action_flag": 2, "change_message": "[{\"changed\": {\"fields\": [\"Is part of\", \"Content\"]}}]"}}, {"model": "admin.logentry", "pk": 95, "fields": {"action_time": "2023-05-02T09:36:43.996Z", "user": 1, "content_type": 45, "object_id": "6", "object_repr": "Wisdom Tooth Extraction", "action_flag": 2, "change_message": "[{\"changed\": {\"fields\": [\"Is part of\"]}}]"}}, {"model": "admin.logentry", "pk": 96, "fields": {"action_time": "2023-05-02T09:37:00.100Z", "user": 1, "content_type": 45, "object_id": "5", "object_repr": "Root Canal", "action_flag": 2, "change_message": "[{\"changed\": {\"fields\": [\"Is part of\", \"Content\"]}}]"}}, {"model": "admin.logentry", "pk": 97, "fields": {"action_time": "2023-05-02T09:37:07.556Z", "user": 1, "content_type": 45, "object_id": "4", "object_repr": "Dental Extraction", "action_flag": 2, "change_message": "[{\"changed\": {\"fields\": [\"Is part of\"]}}]"}}, {"model": "admin.logentry", "pk": 98, "fields": {"action_time": "2023-05-02T09:38:46.248Z", "user": 1, "content_type": 26, "object_id": "8", "object_repr": "Dr. Viswa Tejeshwar Rao", "action_flag": 2, "change_message": "[{\"changed\": {\"name\": \"Alumni College or University\", \"object\": \"DoctorAlumni object (14)\", \"fields\": [\"Url\"]}}]"}}, {"model": "admin.logentry", "pk": 99, "fields": {"action_time": "2023-05-02T09:39:21.573Z", "user": 1, "content_type": 26, "object_id": "7", "object_repr": "Dr. Vishwatejarao", "action_flag": 2, "change_message": "[]"}}, {"model": "admin.logentry", "pk": 100, "fields": {"action_time": "2023-05-02T09:39:40.070Z", "user": 1, "content_type": 26, "object_id": "7", "object_repr": "Dr. Vishwatejarao", "action_flag": 2, "change_message": "[{\"changed\": {\"name\": \"Alumni College or University\", \"object\": \"DoctorAlumni object (12)\", \"fields\": [\"Url\"]}}]"}}, {"model": "admin.logentry", "pk": 101, "fields": {"action_time": "2023-05-02T09:42:08.187Z", "user": 1, "content_type": 14, "object_id": "5", "object_repr": "Physician", "action_flag": 2, "change_message": "[{\"changed\": {\"fields\": [\"Url\"]}}, {\"changed\": {\"name\": \"contact point\", \"object\": \"ContactPoint object (2)\", \"fields\": [\"Email\"]}}, {\"changed\": {\"name\": \"haspart\", \"object\": \"Haspart object (2)\", \"fields\": [\"Url\"]}}, {\"changed\": {\"name\": \"haspart\", \"object\": \"Haspart object (4)\", \"fields\": [\"Url\"]}}, {\"changed\": {\"name\": \"haspart\", \"object\": \"Haspart object (5)\", \"fields\": [\"Url\"]}}, {\"changed\": {\"name\": \"haspart\", \"object\": \"Haspart object (7)\", \"fields\": [\"Url\"]}}]"}}, {"model": "admin.logentry", "pk": 102, "fields": {"action_time": "2023-05-02T10:03:41.720Z", "user": 1, "content_type": 8, "object_id": "1", "object_repr": "/", "action_flag": 2, "change_message": "[{\"changed\": {\"fields\": [\"Top img heading\"]}}]"}}, {"model": "admin.logentry", "pk": 103, "fields": {"action_time": "2023-05-02T10:10:05.968Z", "user": 1, "content_type": 8, "object_id": "1", "object_repr": "/", "action_flag": 2, "change_message": "[{\"changed\": {\"fields\": [\"Top img\"]}}]"}}, {"model": "admin.logentry", "pk": 104, "fields": {"action_time": "2023-05-02T10:15:38.249Z", "user": 1, "content_type": 8, "object_id": "3", "object_repr": "contact-us", "action_flag": 2, "change_message": "[{\"changed\": {\"fields\": [\"Notice\"]}}]"}}, {"model": "admin.logentry", "pk": 105, "fields": {"action_time": "2023-05-02T12:18:39.730Z", "user": 1, "content_type": 8, "object_id": "4", "object_repr": "about-us", "action_flag": 2, "change_message": "[{\"changed\": {\"fields\": [\"Displayimage\"]}}]"}}, {"model": "admin.logentry", "pk": 106, "fields": {"action_time": "2023-05-02T12:22:01.336Z", "user": 1, "content_type": 8, "object_id": "4", "object_repr": "about-us", "action_flag": 2, "change_message": "[{\"changed\": {\"fields\": [\"Top img\"]}}]"}}, {"model": "admin.logentry", "pk": 107, "fields": {"action_time": "2023-05-02T12:22:19.049Z", "user": 1, "content_type": 8, "object_id": "4", "object_repr": "about-us", "action_flag": 2, "change_message": "[{\"changed\": {\"fields\": [\"Top img\"]}}]"}}, {"model": "admin.logentry", "pk": 108, "fields": {"action_time": "2023-05-02T12:22:31.989Z", "user": 1, "content_type": 8, "object_id": "4", "object_repr": "about-us", "action_flag": 2, "change_message": "[{\"changed\": {\"fields\": [\"Displayimage\"]}}]"}}, {"model": "admin.logentry", "pk": 109, "fields": {"action_time": "2023-05-02T12:24:04.092Z", "user": 1, "content_type": 8, "object_id": "4", "object_repr": "about-us", "action_flag": 2, "change_message": "[{\"changed\": {\"fields\": [\"Displayimage\"]}}]"}}, {"model": "admin.logentry", "pk": 110, "fields": {"action_time": "2023-05-02T12:25:11.592Z", "user": 1, "content_type": 8, "object_id": "4", "object_repr": "about-us", "action_flag": 2, "change_message": "[{\"changed\": {\"fields\": [\"Displayimage\"]}}]"}}, {"model": "admin.logentry", "pk": 111, "fields": {"action_time": "2023-05-02T12:32:28.777Z", "user": 1, "content_type": 8, "object_id": "4", "object_repr": "about-us", "action_flag": 2, "change_message": "[{\"changed\": {\"fields\": [\"AboutDescript\"]}}]"}}, {"model": "admin.logentry", "pk": 112, "fields": {"action_time": "2023-05-02T12:32:58.851Z", "user": 1, "content_type": 8, "object_id": "4", "object_repr": "about-us", "action_flag": 2, "change_message": "[{\"changed\": {\"fields\": [\"AboutDescript\"]}}]"}}, {"model": "admin.logentry", "pk": 113, "fields": {"action_time": "2023-05-02T12:36:33.896Z", "user": 1, "content_type": 8, "object_id": "4", "object_repr": "about-us", "action_flag": 2, "change_message": "[{\"changed\": {\"fields\": [\"AboutDescript\"]}}]"}}, {"model": "admin.logentry", "pk": 114, "fields": {"action_time": "2023-05-02T12:38:52.896Z", "user": 1, "content_type": 8, "object_id": "4", "object_repr": "about-us", "action_flag": 2, "change_message": "[{\"changed\": {\"fields\": [\"AboutDescript\"]}}]"}}, {"model": "admin.logentry", "pk": 115, "fields": {"action_time": "2023-05-02T12:40:24.657Z", "user": 1, "content_type": 8, "object_id": "4", "object_repr": "about-us", "action_flag": 2, "change_message": "[{\"changed\": {\"fields\": [\"AboutDescript\", \"AfterTeamContent\"]}}]"}}, {"model": "admin.logentry", "pk": 116, "fields": {"action_time": "2023-05-02T12:40:46.780Z", "user": 1, "content_type": 8, "object_id": "4", "object_repr": "about-us", "action_flag": 2, "change_message": "[{\"changed\": {\"fields\": [\"AfterTeamContent\"]}}]"}}, {"model": "admin.logentry", "pk": 117, "fields": {"action_time": "2023-05-02T12:41:28.858Z", "user": 1, "content_type": 8, "object_id": "4", "object_repr": "about-us", "action_flag": 2, "change_message": "[{\"changed\": {\"fields\": [\"AboutDescript\", \"AfterTeamContent\"]}}]"}}, {"model": "admin.logentry", "pk": 118, "fields": {"action_time": "2023-05-02T12:43:26.646Z", "user": 1, "content_type": 8, "object_id": "4", "object_repr": "about-us", "action_flag": 2, "change_message": "[{\"changed\": {\"fields\": [\"Meetteam\", \"AfterTeamContent\"]}}]"}}, {"model": "admin.logentry", "pk": 119, "fields": {"action_time": "2023-05-02T12:45:20.011Z", "user": 1, "content_type": 8, "object_id": "4", "object_repr": "about-us", "action_flag": 2, "change_message": "[{\"changed\": {\"fields\": [\"AboutDescript\", \"Meetteam\", \"AfterTeamContent\"]}}]"}}, {"model": "admin.logentry", "pk": 120, "fields": {"action_time": "2023-05-02T12:46:35.625Z", "user": 1, "content_type": 8, "object_id": "4", "object_repr": "about-us", "action_flag": 2, "change_message": "[{\"changed\": {\"fields\": [\"AboutDescript\", \"AfterTeamContent\"]}}]"}}, {"model": "admin.logentry", "pk": 121, "fields": {"action_time": "2023-05-02T12:47:37.210Z", "user": 1, "content_type": 8, "object_id": "4", "object_repr": "about-us", "action_flag": 2, "change_message": "[{\"changed\": {\"fields\": [\"AboutDescript\", \"AfterTeamContent\"]}}]"}}, {"model": "admin.logentry", "pk": 122, "fields": {"action_time": "2023-05-02T12:48:09.904Z", "user": 1, "content_type": 8, "object_id": "4", "object_repr": "about-us", "action_flag": 2, "change_message": "[{\"changed\": {\"fields\": [\"AboutDescript\"]}}]"}}, {"model": "admin.logentry", "pk": 123, "fields": {"action_time": "2023-05-02T12:50:27.419Z", "user": 1, "content_type": 8, "object_id": "4", "object_repr": "about-us", "action_flag": 2, "change_message": "[{\"changed\": {\"fields\": [\"AboutDescript\"]}}]"}}, {"model": "admin.logentry", "pk": 124, "fields": {"action_time": "2023-05-02T12:53:45.473Z", "user": 1, "content_type": 8, "object_id": "4", "object_repr": "about-us", "action_flag": 2, "change_message": "[{\"changed\": {\"fields\": [\"AboutDescript\"]}}]"}}, {"model": "admin.logentry", "pk": 125, "fields": {"action_time": "2023-05-02T12:54:37.797Z", "user": 1, "content_type": 8, "object_id": "4", "object_repr": "about-us", "action_flag": 2, "change_message": "[{\"changed\": {\"fields\": [\"AboutDescript\"]}}]"}}, {"model": "admin.logentry", "pk": 126, "fields": {"action_time": "2023-05-03T05:21:22.536Z", "user": 1, "content_type": 8, "object_id": "4", "object_repr": "about-us", "action_flag": 2, "change_message": "[{\"changed\": {\"fields\": [\"AboutDescript\"]}}]"}}, {"model": "admin.logentry", "pk": 127, "fields": {"action_time": "2023-05-03T05:27:53.478Z", "user": 1, "content_type": 8, "object_id": "4", "object_repr": "about-us", "action_flag": 2, "change_message": "[{\"changed\": {\"fields\": [\"Displayimage\"]}}]"}}, {"model": "admin.logentry", "pk": 128, "fields": {"action_time": "2023-05-03T05:31:13.332Z", "user": 1, "content_type": 8, "object_id": "4", "object_repr": "about-us", "action_flag": 2, "change_message": "[{\"changed\": {\"fields\": [\"AboutDescript\"]}}]"}}, {"model": "auth.permission", "pk": 1, "fields": {"name": "Can add log entry", "content_type": 1, "codename": "add_logentry"}}, {"model": "auth.permission", "pk": 2, "fields": {"name": "Can change log entry", "content_type": 1, "codename": "change_logentry"}}, {"model": "auth.permission", "pk": 3, "fields": {"name": "Can delete log entry", "content_type": 1, "codename": "delete_logentry"}}, {"model": "auth.permission", "pk": 4, "fields": {"name": "Can view log entry", "content_type": 1, "codename": "view_logentry"}}, {"model": "auth.permission", "pk": 5, "fields": {"name": "Can add permission", "content_type": 2, "codename": "add_permission"}}, {"model": "auth.permission", "pk": 6, "fields": {"name": "Can change permission", "content_type": 2, "codename": "change_permission"}}, {"model": "auth.permission", "pk": 7, "fields": {"name": "Can delete permission", "content_type": 2, "codename": "delete_permission"}}, {"model": "auth.permission", "pk": 8, "fields": {"name": "Can view permission", "content_type": 2, "codename": "view_permission"}}, {"model": "auth.permission", "pk": 9, "fields": {"name": "Can add group", "content_type": 3, "codename": "add_group"}}, {"model": "auth.permission", "pk": 10, "fields": {"name": "Can change group", "content_type": 3, "codename": "change_group"}}, {"model": "auth.permission", "pk": 11, "fields": {"name": "Can delete group", "content_type": 3, "codename": "delete_group"}}, {"model": "auth.permission", "pk": 12, "fields": {"name": "Can view group", "content_type": 3, "codename": "view_group"}}, {"model": "auth.permission", "pk": 13, "fields": {"name": "Can add user", "content_type": 4, "codename": "add_user"}}, {"model": "auth.permission", "pk": 14, "fields": {"name": "Can change user", "content_type": 4, "codename": "change_user"}}, {"model": "auth.permission", "pk": 15, "fields": {"name": "Can delete user", "content_type": 4, "codename": "delete_user"}}, {"model": "auth.permission", "pk": 16, "fields": {"name": "Can view user", "content_type": 4, "codename": "view_user"}}, {"model": "auth.permission", "pk": 17, "fields": {"name": "Can add content type", "content_type": 5, "codename": "add_contenttype"}}, {"model": "auth.permission", "pk": 18, "fields": {"name": "Can change content type", "content_type": 5, "codename": "change_contenttype"}}, {"model": "auth.permission", "pk": 19, "fields": {"name": "Can delete content type", "content_type": 5, "codename": "delete_contenttype"}}, {"model": "auth.permission", "pk": 20, "fields": {"name": "Can view content type", "content_type": 5, "codename": "view_contenttype"}}, {"model": "auth.permission", "pk": 21, "fields": {"name": "Can add session", "content_type": 6, "codename": "add_session"}}, {"model": "auth.permission", "pk": 22, "fields": {"name": "Can change session", "content_type": 6, "codename": "change_session"}}, {"model": "auth.permission", "pk": 23, "fields": {"name": "Can delete session", "content_type": 6, "codename": "delete_session"}}, {"model": "auth.permission", "pk": 24, "fields": {"name": "Can view session", "content_type": 6, "codename": "view_session"}}, {"model": "auth.permission", "pk": 25, "fields": {"name": "Can add custom site content", "content_type": 7, "codename": "add_customsitecontent"}}, {"model": "auth.permission", "pk": 26, "fields": {"name": "Can change custom site content", "content_type": 7, "codename": "change_customsitecontent"}}, {"model": "auth.permission", "pk": 27, "fields": {"name": "Can delete custom site content", "content_type": 7, "codename": "delete_customsitecontent"}}, {"model": "auth.permission", "pk": 28, "fields": {"name": "Can view custom site content", "content_type": 7, "codename": "view_customsitecontent"}}, {"model": "auth.permission", "pk": 29, "fields": {"name": "Can add custom page content", "content_type": 8, "codename": "add_custompagecontent"}}, {"model": "auth.permission", "pk": 30, "fields": {"name": "Can change custom page content", "content_type": 8, "codename": "change_custompagecontent"}}, {"model": "auth.permission", "pk": 31, "fields": {"name": "Can delete custom page content", "content_type": 8, "codename": "delete_custompagecontent"}}, {"model": "auth.permission", "pk": 32, "fields": {"name": "Can view custom page content", "content_type": 8, "codename": "view_custompagecontent"}}, {"model": "auth.permission", "pk": 33, "fields": {"name": "Can add home page", "content_type": 9, "codename": "add_homepage"}}, {"model": "auth.permission", "pk": 34, "fields": {"name": "Can change home page", "content_type": 9, "codename": "change_homepage"}}, {"model": "auth.permission", "pk": 35, "fields": {"name": "Can delete home page", "content_type": 9, "codename": "delete_homepage"}}, {"model": "auth.permission", "pk": 36, "fields": {"name": "Can view home page", "content_type": 9, "codename": "view_homepage"}}, {"model": "auth.permission", "pk": 37, "fields": {"name": "Can add home page services", "content_type": 10, "codename": "add_homepageservices"}}, {"model": "auth.permission", "pk": 38, "fields": {"name": "Can change home page services", "content_type": 10, "codename": "change_homepageservices"}}, {"model": "auth.permission", "pk": 39, "fields": {"name": "Can delete home page services", "content_type": 10, "codename": "delete_homepageservices"}}, {"model": "auth.permission", "pk": 40, "fields": {"name": "Can view home page services", "content_type": 10, "codename": "view_homepageservices"}}, {"model": "auth.permission", "pk": 41, "fields": {"name": "Can add testimonial", "content_type": 11, "codename": "add_testimonial"}}, {"model": "auth.permission", "pk": 42, "fields": {"name": "Can change testimonial", "content_type": 11, "codename": "change_testimonial"}}, {"model": "auth.permission", "pk": 43, "fields": {"name": "Can delete testimonial", "content_type": 11, "codename": "delete_testimonial"}}, {"model": "auth.permission", "pk": 44, "fields": {"name": "Can view testimonial", "content_type": 11, "codename": "view_testimonial"}}, {"model": "auth.permission", "pk": 45, "fields": {"name": "Can add currency", "content_type": 12, "codename": "add_currency"}}, {"model": "auth.permission", "pk": 46, "fields": {"name": "Can change currency", "content_type": 12, "codename": "change_currency"}}, {"model": "auth.permission", "pk": 47, "fields": {"name": "Can delete currency", "content_type": 12, "codename": "delete_currency"}}, {"model": "auth.permission", "pk": 48, "fields": {"name": "Can view currency", "content_type": 12, "codename": "view_currency"}}, {"model": "auth.permission", "pk": 49, "fields": {"name": "Can add knows language", "content_type": 13, "codename": "add_knowslanguage"}}, {"model": "auth.permission", "pk": 50, "fields": {"name": "Can change knows language", "content_type": 13, "codename": "change_knowslanguage"}}, {"model": "auth.permission", "pk": 51, "fields": {"name": "Can delete knows language", "content_type": 13, "codename": "delete_knowslanguage"}}, {"model": "auth.permission", "pk": 52, "fields": {"name": "Can view knows language", "content_type": 13, "codename": "view_knowslanguage"}}, {"model": "auth.permission", "pk": 53, "fields": {"name": "Can add business", "content_type": 14, "codename": "add_business"}}, {"model": "auth.permission", "pk": 54, "fields": {"name": "Can change business", "content_type": 14, "codename": "change_business"}}, {"model": "auth.permission", "pk": 55, "fields": {"name": "Can delete business", "content_type": 14, "codename": "delete_business"}}, {"model": "auth.permission", "pk": 56, "fields": {"name": "Can view business", "content_type": 14, "codename": "view_business"}}, {"model": "auth.permission", "pk": 57, "fields": {"name": "Can add publisher", "content_type": 15, "codename": "add_publisher"}}, {"model": "auth.permission", "pk": 58, "fields": {"name": "Can change publisher", "content_type": 15, "codename": "change_publisher"}}, {"model": "auth.permission", "pk": 59, "fields": {"name": "Can delete publisher", "content_type": 15, "codename": "delete_publisher"}}, {"model": "auth.permission", "pk": 60, "fields": {"name": "Can view publisher", "content_type": 15, "codename": "view_publisher"}}, {"model": "auth.permission", "pk": 61, "fields": {"name": "Can add haspart", "content_type": 16, "codename": "add_haspart"}}, {"model": "auth.permission", "pk": 62, "fields": {"name": "Can change haspart", "content_type": 16, "codename": "change_haspart"}}, {"model": "auth.permission", "pk": 63, "fields": {"name": "Can delete haspart", "content_type": 16, "codename": "delete_haspart"}}, {"model": "auth.permission", "pk": 64, "fields": {"name": "Can view haspart", "content_type": 16, "codename": "view_haspart"}}, {"model": "auth.permission", "pk": 65, "fields": {"name": "Can add available service", "content_type": 17, "codename": "add_availableservice"}}, {"model": "auth.permission", "pk": 66, "fields": {"name": "Can change available service", "content_type": 17, "codename": "change_availableservice"}}, {"model": "auth.permission", "pk": 67, "fields": {"name": "Can delete available service", "content_type": 17, "codename": "delete_availableservice"}}, {"model": "auth.permission", "pk": 68, "fields": {"name": "Can view available service", "content_type": 17, "codename": "view_availableservice"}}, {"model": "auth.permission", "pk": 69, "fields": {"name": "Can add opening hours", "content_type": 18, "codename": "add_openinghours"}}, {"model": "auth.permission", "pk": 70, "fields": {"name": "Can change opening hours", "content_type": 18, "codename": "change_openinghours"}}, {"model": "auth.permission", "pk": 71, "fields": {"name": "Can delete opening hours", "content_type": 18, "codename": "delete_openinghours"}}, {"model": "auth.permission", "pk": 72, "fields": {"name": "Can view opening hours", "content_type": 18, "codename": "view_openinghours"}}, {"model": "auth.permission", "pk": 73, "fields": {"name": "Can add adress", "content_type": 19, "codename": "add_adress"}}, {"model": "auth.permission", "pk": 74, "fields": {"name": "Can change adress", "content_type": 19, "codename": "change_adress"}}, {"model": "auth.permission", "pk": 75, "fields": {"name": "Can delete adress", "content_type": 19, "codename": "delete_adress"}}, {"model": "auth.permission", "pk": 76, "fields": {"name": "Can view adress", "content_type": 19, "codename": "view_adress"}}, {"model": "auth.permission", "pk": 77, "fields": {"name": "Can add geo", "content_type": 20, "codename": "add_geo"}}, {"model": "auth.permission", "pk": 78, "fields": {"name": "Can change geo", "content_type": 20, "codename": "change_geo"}}, {"model": "auth.permission", "pk": 79, "fields": {"name": "Can delete geo", "content_type": 20, "codename": "delete_geo"}}, {"model": "auth.permission", "pk": 80, "fields": {"name": "Can view geo", "content_type": 20, "codename": "view_geo"}}, {"model": "auth.permission", "pk": 81, "fields": {"name": "Can add area served", "content_type": 21, "codename": "add_areaserved"}}, {"model": "auth.permission", "pk": 82, "fields": {"name": "Can change area served", "content_type": 21, "codename": "change_areaserved"}}, {"model": "auth.permission", "pk": 83, "fields": {"name": "Can delete area served", "content_type": 21, "codename": "delete_areaserved"}}, {"model": "auth.permission", "pk": 84, "fields": {"name": "Can view area served", "content_type": 21, "codename": "view_areaserved"}}, {"model": "auth.permission", "pk": 85, "fields": {"name": "Can add contact point", "content_type": 22, "codename": "add_contactpoint"}}, {"model": "auth.permission", "pk": 86, "fields": {"name": "Can change contact point", "content_type": 22, "codename": "change_contactpoint"}}, {"model": "auth.permission", "pk": 87, "fields": {"name": "Can delete contact point", "content_type": 22, "codename": "delete_contactpoint"}}, {"model": "auth.permission", "pk": 88, "fields": {"name": "Can view contact point", "content_type": 22, "codename": "view_contactpoint"}}, {"model": "auth.permission", "pk": 89, "fields": {"name": "Can add employee", "content_type": 23, "codename": "add_employee"}}, {"model": "auth.permission", "pk": 90, "fields": {"name": "Can change employee", "content_type": 23, "codename": "change_employee"}}, {"model": "auth.permission", "pk": 91, "fields": {"name": "Can delete employee", "content_type": 23, "codename": "delete_employee"}}, {"model": "auth.permission", "pk": 92, "fields": {"name": "Can view employee", "content_type": 23, "codename": "view_employee"}}, {"model": "auth.permission", "pk": 93, "fields": {"name": "Can add image", "content_type": 24, "codename": "add_image"}}, {"model": "auth.permission", "pk": 94, "fields": {"name": "Can change image", "content_type": 24, "codename": "change_image"}}, {"model": "auth.permission", "pk": 95, "fields": {"name": "Can delete image", "content_type": 24, "codename": "delete_image"}}, {"model": "auth.permission", "pk": 96, "fields": {"name": "Can view image", "content_type": 24, "codename": "view_image"}}, {"model": "auth.permission", "pk": 97, "fields": {"name": "Can add question", "content_type": 25, "codename": "add_question"}}, {"model": "auth.permission", "pk": 98, "fields": {"name": "Can change question", "content_type": 25, "codename": "change_question"}}, {"model": "auth.permission", "pk": 99, "fields": {"name": "Can delete question", "content_type": 25, "codename": "delete_question"}}, {"model": "auth.permission", "pk": 100, "fields": {"name": "Can view question", "content_type": 25, "codename": "view_question"}}, {"model": "auth.permission", "pk": 101, "fields": {"name": "Can add doctor", "content_type": 26, "codename": "add_doctor"}}, {"model": "auth.permission", "pk": 102, "fields": {"name": "Can change doctor", "content_type": 26, "codename": "change_doctor"}}, {"model": "auth.permission", "pk": 103, "fields": {"name": "Can delete doctor", "content_type": 26, "codename": "delete_doctor"}}, {"model": "auth.permission", "pk": 104, "fields": {"name": "Can view doctor", "content_type": 26, "codename": "view_doctor"}}, {"model": "auth.permission", "pk": 105, "fields": {"name": "Can add Social Link", "content_type": 27, "codename": "add_doctorsociallinks"}}, {"model": "auth.permission", "pk": 106, "fields": {"name": "Can change Social Link", "content_type": 27, "codename": "change_doctorsociallinks"}}, {"model": "auth.permission", "pk": 107, "fields": {"name": "Can delete Social Link", "content_type": 27, "codename": "delete_doctorsociallinks"}}, {"model": "auth.permission", "pk": 108, "fields": {"name": "Can view Social Link", "content_type": 27, "codename": "view_doctorsociallinks"}}, {"model": "auth.permission", "pk": 109, "fields": {"name": "Can add Alumni College or University", "content_type": 28, "codename": "add_doctoralumni"}}, {"model": "auth.permission", "pk": 110, "fields": {"name": "Can change Alumni College or University", "content_type": 28, "codename": "change_doctoralumni"}}, {"model": "auth.permission", "pk": 111, "fields": {"name": "Can delete Alumni College or University", "content_type": 28, "codename": "delete_doctoralumni"}}, {"model": "auth.permission", "pk": 112, "fields": {"name": "Can view Alumni College or University", "content_type": 28, "codename": "view_doctoralumni"}}, {"model": "auth.permission", "pk": 113, "fields": {"name": "Can add Award", "content_type": 29, "codename": "add_doctoraward"}}, {"model": "auth.permission", "pk": 114, "fields": {"name": "Can change Award", "content_type": 29, "codename": "change_doctoraward"}}, {"model": "auth.permission", "pk": 115, "fields": {"name": "Can delete Award", "content_type": 29, "codename": "delete_doctoraward"}}, {"model": "auth.permission", "pk": 116, "fields": {"name": "Can view Award", "content_type": 29, "codename": "view_doctoraward"}}, {"model": "auth.permission", "pk": 117, "fields": {"name": "Can add Colleague", "content_type": 30, "codename": "add_doctorcolleague"}}, {"model": "auth.permission", "pk": 118, "fields": {"name": "Can change Colleague", "content_type": 30, "codename": "change_doctorcolleague"}}, {"model": "auth.permission", "pk": 119, "fields": {"name": "Can delete Colleague", "content_type": 30, "codename": "delete_doctorcolleague"}}, {"model": "auth.permission", "pk": 120, "fields": {"name": "Can view Colleague", "content_type": 30, "codename": "view_doctorcolleague"}}, {"model": "auth.permission", "pk": 121, "fields": {"name": "Can add Educational Occupational Credential", "content_type": 31, "codename": "add_doctoreducationaloccupationalcredential"}}, {"model": "auth.permission", "pk": 122, "fields": {"name": "Can change Educational Occupational Credential", "content_type": 31, "codename": "change_doctoreducationaloccupationalcredential"}}, {"model": "auth.permission", "pk": 123, "fields": {"name": "Can delete Educational Occupational Credential", "content_type": 31, "codename": "delete_doctoreducationaloccupationalcredential"}}, {"model": "auth.permission", "pk": 124, "fields": {"name": "Can view Educational Occupational Credential", "content_type": 31, "codename": "view_doctoreducationaloccupationalcredential"}}, {"model": "auth.permission", "pk": 125, "fields": {"name": "Can add Occupation", "content_type": 32, "codename": "add_doctoroccupation"}}, {"model": "auth.permission", "pk": 126, "fields": {"name": "Can change Occupation", "content_type": 32, "codename": "change_doctoroccupation"}}, {"model": "auth.permission", "pk": 127, "fields": {"name": "Can delete Occupation", "content_type": 32, "codename": "delete_doctoroccupation"}}, {"model": "auth.permission", "pk": 128, "fields": {"name": "Can view Occupation", "content_type": 32, "codename": "view_doctoroccupation"}}, {"model": "auth.permission", "pk": 129, "fields": {"name": "Can add Expertise", "content_type": 33, "codename": "add_doctorexpertise"}}, {"model": "auth.permission", "pk": 130, "fields": {"name": "Can change Expertise", "content_type": 33, "codename": "change_doctorexpertise"}}, {"model": "auth.permission", "pk": 131, "fields": {"name": "Can delete Expertise", "content_type": 33, "codename": "delete_doctorexpertise"}}, {"model": "auth.permission", "pk": 132, "fields": {"name": "Can view Expertise", "content_type": 33, "codename": "view_doctorexpertise"}}, {"model": "auth.permission", "pk": 133, "fields": {"name": "Can add Knows Language", "content_type": 34, "codename": "add_doctorknowslanguage"}}, {"model": "auth.permission", "pk": 134, "fields": {"name": "Can change Knows Language", "content_type": 34, "codename": "change_doctorknowslanguage"}}, {"model": "auth.permission", "pk": 135, "fields": {"name": "Can delete Knows Language", "content_type": 34, "codename": "delete_doctorknowslanguage"}}, {"model": "auth.permission", "pk": 136, "fields": {"name": "Can view Knows Language", "content_type": 34, "codename": "view_doctorknowslanguage"}}, {"model": "auth.permission", "pk": 137, "fields": {"name": "Can add Member of Organization", "content_type": 35, "codename": "add_doctormemberoforganization"}}, {"model": "auth.permission", "pk": 138, "fields": {"name": "Can change Member of Organization", "content_type": 35, "codename": "change_doctormemberoforganization"}}, {"model": "auth.permission", "pk": 139, "fields": {"name": "Can delete Member of Organization", "content_type": 35, "codename": "delete_doctormemberoforganization"}}, {"model": "auth.permission", "pk": 140, "fields": {"name": "Can view Member of Organization", "content_type": 35, "codename": "view_doctormemberoforganization"}}, {"model": "auth.permission", "pk": 141, "fields": {"name": "Can add Works for Organization", "content_type": 36, "codename": "add_doctorworksfororganization"}}, {"model": "auth.permission", "pk": 142, "fields": {"name": "Can change Works for Organization", "content_type": 36, "codename": "change_doctorworksfororganization"}}, {"model": "auth.permission", "pk": 143, "fields": {"name": "Can delete Works for Organization", "content_type": 36, "codename": "delete_doctorworksfororganization"}}, {"model": "auth.permission", "pk": 144, "fields": {"name": "Can view Works for Organization", "content_type": 36, "codename": "view_doctorworksfororganization"}}, {"model": "auth.permission", "pk": 145, "fields": {"name": "Can add Extra Information", "content_type": 37, "codename": "add_doctorextrainformation"}}, {"model": "auth.permission", "pk": 146, "fields": {"name": "Can change Extra Information", "content_type": 37, "codename": "change_doctorextrainformation"}}, {"model": "auth.permission", "pk": 147, "fields": {"name": "Can delete Extra Information", "content_type": 37, "codename": "delete_doctorextrainformation"}}, {"model": "auth.permission", "pk": 148, "fields": {"name": "Can view Extra Information", "content_type": 37, "codename": "view_doctorextrainformation"}}, {"model": "auth.permission", "pk": 149, "fields": {"name": "Can add hospital service", "content_type": 38, "codename": "add_hospitalservice"}}, {"model": "auth.permission", "pk": 150, "fields": {"name": "Can change hospital service", "content_type": 38, "codename": "change_hospitalservice"}}, {"model": "auth.permission", "pk": 151, "fields": {"name": "Can delete hospital service", "content_type": 38, "codename": "delete_hospitalservice"}}, {"model": "auth.permission", "pk": 152, "fields": {"name": "Can view hospital service", "content_type": 38, "codename": "view_hospitalservice"}}, {"model": "auth.permission", "pk": 153, "fields": {"name": "Can add mentions", "content_type": 39, "codename": "add_mentions"}}, {"model": "auth.permission", "pk": 154, "fields": {"name": "Can change mentions", "content_type": 39, "codename": "change_mentions"}}, {"model": "auth.permission", "pk": 155, "fields": {"name": "Can delete mentions", "content_type": 39, "codename": "delete_mentions"}}, {"model": "auth.permission", "pk": 156, "fields": {"name": "Can view mentions", "content_type": 39, "codename": "view_mentions"}}, {"model": "auth.permission", "pk": 157, "fields": {"name": "Can add reviews", "content_type": 40, "codename": "add_reviews"}}, {"model": "auth.permission", "pk": 158, "fields": {"name": "Can change reviews", "content_type": 40, "codename": "change_reviews"}}, {"model": "auth.permission", "pk": 159, "fields": {"name": "Can delete reviews", "content_type": 40, "codename": "delete_reviews"}}, {"model": "auth.permission", "pk": 160, "fields": {"name": "Can view reviews", "content_type": 40, "codename": "view_reviews"}}, {"model": "auth.permission", "pk": 161, "fields": {"name": "Can add about", "content_type": 41, "codename": "add_about"}}, {"model": "auth.permission", "pk": 162, "fields": {"name": "Can change about", "content_type": 41, "codename": "change_about"}}, {"model": "auth.permission", "pk": 163, "fields": {"name": "Can delete about", "content_type": 41, "codename": "delete_about"}}, {"model": "auth.permission", "pk": 164, "fields": {"name": "Can view about", "content_type": 41, "codename": "view_about"}}, {"model": "auth.permission", "pk": 165, "fields": {"name": "Can add commondata", "content_type": 42, "codename": "add_commondata"}}, {"model": "auth.permission", "pk": 166, "fields": {"name": "Can change commondata", "content_type": 42, "codename": "change_commondata"}}, {"model": "auth.permission", "pk": 167, "fields": {"name": "Can delete commondata", "content_type": 42, "codename": "delete_commondata"}}, {"model": "auth.permission", "pk": 168, "fields": {"name": "Can view commondata", "content_type": 42, "codename": "view_commondata"}}, {"model": "auth.permission", "pk": 169, "fields": {"name": "Can add service mentions", "content_type": 43, "codename": "add_servicementions"}}, {"model": "auth.permission", "pk": 170, "fields": {"name": "Can change service mentions", "content_type": 43, "codename": "change_servicementions"}}, {"model": "auth.permission", "pk": 171, "fields": {"name": "Can delete service mentions", "content_type": 43, "codename": "delete_servicementions"}}, {"model": "auth.permission", "pk": 172, "fields": {"name": "Can view service mentions", "content_type": 43, "codename": "view_servicementions"}}, {"model": "auth.permission", "pk": 173, "fields": {"name": "Can add service about", "content_type": 44, "codename": "add_serviceabout"}}, {"model": "auth.permission", "pk": 174, "fields": {"name": "Can change service about", "content_type": 44, "codename": "change_serviceabout"}}, {"model": "auth.permission", "pk": 175, "fields": {"name": "Can delete service about", "content_type": 44, "codename": "delete_serviceabout"}}, {"model": "auth.permission", "pk": 176, "fields": {"name": "Can view service about", "content_type": 44, "codename": "view_serviceabout"}}, {"model": "auth.permission", "pk": 177, "fields": {"name": "Can add service", "content_type": 45, "codename": "add_service"}}, {"model": "auth.permission", "pk": 178, "fields": {"name": "Can change service", "content_type": 45, "codename": "change_service"}}, {"model": "auth.permission", "pk": 179, "fields": {"name": "Can delete service", "content_type": 45, "codename": "delete_service"}}, {"model": "auth.permission", "pk": 180, "fields": {"name": "Can view service", "content_type": 45, "codename": "view_service"}}, {"model": "auth.permission", "pk": 181, "fields": {"name": "Can add blog", "content_type": 46, "codename": "add_blog"}}, {"model": "auth.permission", "pk": 182, "fields": {"name": "Can change blog", "content_type": 46, "codename": "change_blog"}}, {"model": "auth.permission", "pk": 183, "fields": {"name": "Can delete blog", "content_type": 46, "codename": "delete_blog"}}, {"model": "auth.permission", "pk": 184, "fields": {"name": "Can view blog", "content_type": 46, "codename": "view_blog"}}, {"model": "auth.permission", "pk": 185, "fields": {"name": "Can add blog mention", "content_type": 47, "codename": "add_blogmention"}}, {"model": "auth.permission", "pk": 186, "fields": {"name": "Can change blog mention", "content_type": 47, "codename": "change_blogmention"}}, {"model": "auth.permission", "pk": 187, "fields": {"name": "Can delete blog mention", "content_type": 47, "codename": "delete_blogmention"}}, {"model": "auth.permission", "pk": 188, "fields": {"name": "Can view blog mention", "content_type": 47, "codename": "view_blogmention"}}, {"model": "auth.permission", "pk": 189, "fields": {"name": "Can add blog about", "content_type": 48, "codename": "add_blogabout"}}, {"model": "auth.permission", "pk": 190, "fields": {"name": "Can change blog about", "content_type": 48, "codename": "change_blogabout"}}, {"model": "auth.permission", "pk": 191, "fields": {"name": "Can delete blog about", "content_type": 48, "codename": "delete_blogabout"}}, {"model": "auth.permission", "pk": 192, "fields": {"name": "Can view blog about", "content_type": 48, "codename": "view_blogabout"}}, {"model": "auth.user", "pk": 1, "fields": {"password": "pbkdf2_sha256$260000$HLGqEL8HGWRWG8Bgbm9tHG$c3UfITkvYX+VMvJt7FjyvxzMjG7DSW9C13VKKQ5+v2Q=", "last_login": "2023-05-02T12:30:56.595Z", "is_superuser": true, "username": "admin", "first_name": "", "last_name": "", "email": "", "is_staff": true, "is_active": true, "date_joined": "2023-04-27T04:46:01.814Z", "groups": [], "user_permissions": []}}, {"model": "contenttypes.contenttype", "pk": 1, "fields": {"app_label": "admin", "model": "logentry"}}, {"model": "contenttypes.contenttype", "pk": 2, "fields": {"app_label": "auth", "model": "permission"}}, {"model": "contenttypes.contenttype", "pk": 3, "fields": {"app_label": "auth", "model": "group"}}, {"model": "contenttypes.contenttype", "pk": 4, "fields": {"app_label": "auth", "model": "user"}}, {"model": "contenttypes.contenttype", "pk": 5, "fields": {"app_label": "contenttypes", "model": "contenttype"}}, {"model": "contenttypes.contenttype", "pk": 6, "fields": {"app_label": "sessions", "model": "session"}}, {"model": "contenttypes.contenttype", "pk": 7, "fields": {"app_label": "web_app", "model": "customsitecontent"}}, {"model": "contenttypes.contenttype", "pk": 8, "fields": {"app_label": "web_app", "model": "custompagecontent"}}, {"model": "contenttypes.contenttype", "pk": 9, "fields": {"app_label": "web_app", "model": "homepage"}}, {"model": "contenttypes.contenttype", "pk": 10, "fields": {"app_label": "web_app", "model": "homepageservices"}}, {"model": "contenttypes.contenttype", "pk": 11, "fields": {"app_label": "web_app", "model": "testimonial"}}, {"model": "contenttypes.contenttype", "pk": 12, "fields": {"app_label": "web_app", "model": "currency"}}, {"model": "contenttypes.contenttype", "pk": 13, "fields": {"app_label": "web_app", "model": "knowslanguage"}}, {"model": "contenttypes.contenttype", "pk": 14, "fields": {"app_label": "web_app", "model": "business"}}, {"model": "contenttypes.contenttype", "pk": 15, "fields": {"app_label": "web_app", "model": "publisher"}}, {"model": "contenttypes.contenttype", "pk": 16, "fields": {"app_label": "web_app", "model": "haspart"}}, {"model": "contenttypes.contenttype", "pk": 17, "fields": {"app_label": "web_app", "model": "availableservice"}}, {"model": "contenttypes.contenttype", "pk": 18, "fields": {"app_label": "web_app", "model": "openinghours"}}, {"model": "contenttypes.contenttype", "pk": 19, "fields": {"app_label": "web_app", "model": "adress"}}, {"model": "contenttypes.contenttype", "pk": 20, "fields": {"app_label": "web_app", "model": "geo"}}, {"model": "contenttypes.contenttype", "pk": 21, "fields": {"app_label": "web_app", "model": "areaserved"}}, {"model": "contenttypes.contenttype", "pk": 22, "fields": {"app_label": "web_app", "model": "contactpoint"}}, {"model": "contenttypes.contenttype", "pk": 23, "fields": {"app_label": "web_app", "model": "employee"}}, {"model": "contenttypes.contenttype", "pk": 24, "fields": {"app_label": "web_app", "model": "image"}}, {"model": "contenttypes.contenttype", "pk": 25, "fields": {"app_label": "web_app", "model": "question"}}, {"model": "contenttypes.contenttype", "pk": 26, "fields": {"app_label": "web_app", "model": "doctor"}}, {"model": "contenttypes.contenttype", "pk": 27, "fields": {"app_label": "web_app", "model": "doctorsociallinks"}}, {"model": "contenttypes.contenttype", "pk": 28, "fields": {"app_label": "web_app", "model": "doctoralumni"}}, {"model": "contenttypes.contenttype", "pk": 29, "fields": {"app_label": "web_app", "model": "doctoraward"}}, {"model": "contenttypes.contenttype", "pk": 30, "fields": {"app_label": "web_app", "model": "doctorcolleague"}}, {"model": "contenttypes.contenttype", "pk": 31, "fields": {"app_label": "web_app", "model": "doctoreducationaloccupationalcredential"}}, {"model": "contenttypes.contenttype", "pk": 32, "fields": {"app_label": "web_app", "model": "doctoroccupation"}}, {"model": "contenttypes.contenttype", "pk": 33, "fields": {"app_label": "web_app", "model": "doctorexpertise"}}, {"model": "contenttypes.contenttype", "pk": 34, "fields": {"app_label": "web_app", "model": "doctorknowslanguage"}}, {"model": "contenttypes.contenttype", "pk": 35, "fields": {"app_label": "web_app", "model": "doctormemberoforganization"}}, {"model": "contenttypes.contenttype", "pk": 36, "fields": {"app_label": "web_app", "model": "doctorworksfororganization"}}, {"model": "contenttypes.contenttype", "pk": 37, "fields": {"app_label": "web_app", "model": "doctorextrainformation"}}, {"model": "contenttypes.contenttype", "pk": 38, "fields": {"app_label": "web_app", "model": "hospitalservice"}}, {"model": "contenttypes.contenttype", "pk": 39, "fields": {"app_label": "web_app", "model": "mentions"}}, {"model": "contenttypes.contenttype", "pk": 40, "fields": {"app_label": "web_app", "model": "reviews"}}, {"model": "contenttypes.contenttype", "pk": 41, "fields": {"app_label": "web_app", "model": "about"}}, {"model": "contenttypes.contenttype", "pk": 42, "fields": {"app_label": "web_app", "model": "commondata"}}, {"model": "contenttypes.contenttype", "pk": 43, "fields": {"app_label": "web_app", "model": "servicementions"}}, {"model": "contenttypes.contenttype", "pk": 44, "fields": {"app_label": "web_app", "model": "serviceabout"}}, {"model": "contenttypes.contenttype", "pk": 45, "fields": {"app_label": "web_app", "model": "service"}}, {"model": "contenttypes.contenttype", "pk": 46, "fields": {"app_label": "guides", "model": "blog"}}, {"model": "contenttypes.contenttype", "pk": 47, "fields": {"app_label": "guides", "model": "blogmention"}}, {"model": "contenttypes.contenttype", "pk": 48, "fields": {"app_label": "guides", "model": "blogabout"}}, {"model": "sessions.session", "pk": "8lk1p012xfo92vtgkeyw2dc51y2gxeq0", "fields": {"session_data": ".eJxVjL0OwjAQg98lM4qa_5SRvc8QXS4XUkCp1LQT4t1JpQ4w2IM_228WYN9K2ButYU7sygS7_GYR8En1AOkB9b5wXOq2zpEfFX7Sxqcl0et2dv8OCrTS1-SVGC1mP6CRmdAYjcpJoyEpsHrs8kA5CwfRK6OcdeC8Hjx11zKzzxfcZDdf:1ptp9k:g9mJ5XrdHgO-ik9RLPsTWm1HNA_O3AAx4NCDcOjd-Uc", "expire_date": "2023-05-16T12:30:56.615Z"}}, {"model": "sessions.session", "pk": "99o17r57yvag8xx41xknesxus58xjkjg", "fields": {"session_data": ".eJxVjL0OwjAQg98lM4qa_5SRvc8QXS4XUkCp1LQT4t1JpQ4w2IM_228WYN9K2ButYU7sygS7_GYR8En1AOkB9b5wXOq2zpEfFX7Sxqcl0et2dv8OCrTS1-SVGC1mP6CRmdAYjcpJoyEpsHrs8kA5CwfRK6OcdeC8Hjx11zKzzxfcZDdf:1ptous:9082LfmbcrXWmc0WaqHmUdTYXkAWcbmjhzLlw2Xs3Ek", "expire_date": "2023-05-16T12:15:34.933Z"}}, {"model": "sessions.session", "pk": "eqqr7545ynm1o8byr58ywveefol5yygh", "fields": {"session_data": ".eJxVjL0OwjAQg98lM4qa_5SRvc8QXS4XUkCp1LQT4t1JpQ4w2IM_228WYN9K2ButYU7sygS7_GYR8En1AOkB9b5wXOq2zpEfFX7Sxqcl0et2dv8OCrTS1-SVGC1mP6CRmdAYjcpJoyEpsHrs8kA5CwfRK6OcdeC8Hjx11zKzzxfcZDdf:1ptp6R:tzKdXXAzBCp4AjfgpTgRCFtxxVxIHPLHXtCG4-8Zgz0", "expire_date": "2023-05-16T12:27:31.903Z"}}, {"model": "sessions.session", "pk": "k3gs5lweg6t2952bb0q084mgeqemxk0m", "fields": {"session_data": ".eJxVjL0OwjAQg98lM4qa_5SRvc8QXS4XUkCp1LQT4t1JpQ4w2IM_228WYN9K2ButYU7sygS7_GYR8En1AOkB9b5wXOq2zpEfFX7Sxqcl0et2dv8OCrTS1-SVGC1mP6CRmdAYjcpJoyEpsHrs8kA5CwfRK6OcdeC8Hjx11zKzzxfcZDdf:1psfmZ:mpMbOPF4qP0oo1Yp-ML8nR_5sfhA2k6gdj8uWVPZDRQ", "expire_date": "2023-05-13T08:18:15.816Z"}}, {"model": "sessions.session", "pk": "r4a1iq5mapyqdwr1nbs0i4okie0dsyn5", "fields": {"session_data": ".eJxVjL0OwjAQg98lM4qa_5SRvc8QXS4XUkCp1LQT4t1JpQ4w2IM_228WYN9K2ButYU7sygS7_GYR8En1AOkB9b5wXOq2zpEfFX7Sxqcl0et2dv8OCrTS1-SVGC1mP6CRmdAYjcpJoyEpsHrs8kA5CwfRK6OcdeC8Hjx11zKzzxfcZDdf:1ptLjS:KDpS8huHhIbalG5LGypVvg-h593Y_NxePlIMyFFZccI", "expire_date": "2023-05-15T05:05:50.277Z"}}, {"model": "sessions.session", "pk": "z5i8qalumf76d750xljos7fd6nhckq9k", "fields": {"session_data": ".eJxVjEsOwjAMBe-SNYpqu00NS_Y9Q-U4LimgVOpnhbg7VOoCtm9m3sv1sq253xab-zG5iwN3-t2i6MPKDtJdym3yOpV1HqPfFX_QxXdTsuf1cP8Osiz5WyOFhlQ11WQkhgHxzIwMA_IA0QhAK1AJNQ2JqxaUQ4Q6NS2iEKt7fwDMkzcv:1prtgV:aBOyB0BhkugrWzE96eoIVxYtU9Sc3z6EJrg72Bk2PX8", "expire_date": "2023-05-11T04:56:47.581Z"}}, {"model": "web_app.customsitecontent", "pk": 1, "fields": {"site_name": "Sreehaas Dental Hospital", "site_url": "http://127.0.0.1:8000/", "logo": "logo/sreehaas-dental-hospital-hyderabad-1472478478-57c43d0e2a6d8.jpg", "favicon": "logo/sreehaas-dental-hospital-hyderabad-1472478478-57c43d0e2a6d8_I8CtIfs.jpg", "nav_brand_html": "<div class=\"row ml-0\"><img alt=\"{{site_name}}\" class=\"my-auto\" height=\"80\" src=\"{{site_logo}}\" width=\"150\" />\r\n<p class=\"my-auto ml-2 mx-0 p-0 site-name\">Sreehaas Dental Hospital</p>\r\n</div>", "nav_html": "<ul class=\"navbar-nav ml-auto\">\r\n\t<li class=\"nav-item active\"><a class=\"nav-link\" href=\"/#services\">Our Services</a></li>\r\n\t<li class=\"nav-item active\"><a class=\"nav-link\" href=\"/#doctors\">Doctors</a></li>\r\n\t<li class=\"nav-item active\"><a class=\"nav-link\" href=\"/about-us/\">About Us</a></li>\r\n\t<li class=\"nav-item active mr-1\"><a class=\"nav-link\" href=\"/contact-us/\">Contact Us</a></li>\r\n\t<li><a class=\"round-icon\" href=\"tel:{{ct.first.telephone}}\" target=\"_blank\">{{nav_icon_html|safe}} <span class=\"font-weight-bold\">{{ct.first.telephone}}</span> </a></li>\r\n</ul>", "footer_html": "", "nav_icon_html": "<i class=\"fas fa-phone-alt\"></i>", "social_links_html": "<section class=\"mb-4 mt-2 text-center\">\r\n\t<a class=\"btn btn-outline-light btn-floating m-1\" href=\"#\" role=\"button\"><i class=\"fab fa-youtube\"></i></a>\r\n\t<a class=\"btn btn-outline-light btn-floating m-1\" href=\"#\" role=\"button\"><i class=\"fab fa-twitter\"></i></a>\r\n\t<a class=\"btn btn-outline-light btn-floating m-1\" href=\"#\" role=\"button\"><i class=\"fab fa-instagram\"></i></a>\r\n\t<a class=\"btn btn-outline-light btn-floating m-1\" href=\"#\" role=\"button\"><i class=\"fab fa-pinterest\"></i></a>\r\n\t<a class=\"btn btn-outline-light btn-floating m-1\" href=\"#\" role=\"button\"><i class=\"fab fa-linkedin\"></i></a>\r\n\t<a class=\"btn btn-outline-light btn-floating m-1\" href=\"#\" role=\"button\"><i class=\"fab fa-tumblr\"></i></a>\r\n\t<a class=\"btn btn-outline-light btn-floating m-1\" href=\"#\" role=\"button\"><i class=\"fab fa-get-pocket\"></i></a>\r\n\t<a class=\"btn btn-outline-light btn-floating m-1\" href=\"#\" role=\"button\"><i class=\"fab fa-flipboard\"></i></a>\r\n\t<a class=\"btn btn-outline-light btn-floating m-1\" href=\"#\" role=\"button\"><i class=\"fab fa-flickr\"></i></a>\r\n</section>", "script": "", "copyright_text": "Copyright 2023 &copy; #####", "status": "published", "created_at": "2023-04-24T07:31:41.776Z", "updated_at": "2023-05-02T09:31:31.064Z"}}, {"model": "web_app.custompagecontent", "pk": 1, "fields": {"url": "/", "meta_title": "Sreehaas Dental Hospital in Miyapur, Hyderabad - Best Dental Hospital in Hyderabad", "meta_desc": "Sreehaas Dental Hospital in Miyapur, Hyderabad is one of the Best Dental Hospitals in Hyderabad. View Fees, Visiting Time, Contact Number, Ratings &amp; Reviews, Clinic Address, Map of Sreehaas Dental Hospital in Miyapur, Hyderabad", "featured_image": "", "status": "published", "top_img": "images/dental-png-hd-esthetic-gum-remodeling-1920-e1542325377174_TL66jzR.png", "top_img_heading": "Sreehaas Dental Hospital", "notice": "", "displayimage": "", "aboutDescript": "", "meetteam": "", "afterTeamContent": "", "created_at": "2023-04-24T11:07:16.389Z", "updated_at": "2023-05-03T05:31:13.327Z"}}, {"model": "web_app.custompagecontent", "pk": 2, "fields": {"url": "doctors/{{x}}", "meta_title": "{{doctor_obj.name}}", "meta_desc": "{{doctor_obj.name}}", "featured_image": "", "status": "published", "top_img": "images/dental-png-hd-esthetic-gum-remodeling-1920-e1542325377174_TL66jzR.png", "top_img_heading": "{{doctor_obj.name}}", "notice": "", "displayimage": "", "aboutDescript": "", "meetteam": "", "afterTeamContent": "", "created_at": "2023-04-24T11:25:44.102Z", "updated_at": "2023-05-03T05:31:13.329Z"}}, {"model": "web_app.custompagecontent", "pk": 3, "fields": {"url": "contact-us", "meta_title": "Contact Us", "meta_desc": "Contact Us", "featured_image": "", "status": "published", "top_img": "images/dental-png-hd-esthetic-gum-remodeling-1920-e1542325377174_TL66jzR.png", "top_img_heading": "Contact Us", "notice": "<p class=\"m-0\"><a class=\"text-white\" href=\"#\" target=\"_blank\">Click Here to Learn More about our Advanced Safety Protocols</a></p>", "displayimage": "", "aboutDescript": "", "meetteam": "", "afterTeamContent": "", "created_at": "2023-04-24T11:28:10.463Z", "updated_at": "2023-05-03T05:31:13.330Z"}}, {"model": "web_app.custompagecontent", "pk": 4, "fields": {"url": "about-us", "meta_title": "About Us", "meta_desc": "About Us", "featured_image": "", "status": "published", "top_img": "images/dental-png-hd-esthetic-gum-remodeling-1920-e1542325377174_TL66jzR.png", "top_img_heading": "About Us", "notice": "", "displayimage": "images/abt_k43Khdi.jpg", "aboutDescript": "<h1 style=\"color: var(--primary-bg) !important; font-weight: bold;\">Sreehaas Dental Hospital: Your Trusted Partner for Dental Care</h1>\r\n\r\n<p><strong>Sreehaas Dental Hospital</strong> is a leading dental care facility committed to providing comprehensive and personalized dental services to patients of all ages. Our <strong>state-of-the-art dental hospital</strong> is equipped with the latest technology and staffed by a team of experienced and highly skilled dentists, hygienists, and support staff.</p>\r\n\r\n<p>Our mission is to help our patients achieve optimal dental health and wellness by delivering <strong>exceptional dental care with a focus on prevention, education, and personalized treatment plans.</strong> We understand that each patient is unique and requires individual attention, which is why we take the time to listen to your concerns and design a treatment plan tailored to your specific needs.</p>", "meetteam": "<h3 style=\"text-align: center;\"><span style=\"color: var(--primary-bg) !important; font-weight: bold;\">MEET OUR EXPERIENCED TEAM</span></h3>\r\n\r\n<h1 style=\"text-align: center;font-weight: bold;\">Our Dedicated Doctors Team.</h1>", "afterTeamContent": "<p style=\"text-align: center;\">&nbsp;</p>\r\n<!-- <h3 style=\"text-align: center;\"><span style=\"color: var(--primary-bg) !important; font-weight: bold;\">OUR MEDICAL</span></h3> -->\r\n\r\n<p style=\"text-align: center;font-weight: bold;\">We are committed to creating a comfortable and welcoming environment for our patients. Our modern facilities are designed with your comfort in mind, and we use only the safest and most effective dental techniques and materials.</p>\r\n\r\n<p style=\"text-align: center;\">&nbsp;</p>\r\n\r\n<p style=\"text-align: center;\">&nbsp;</p>", "created_at": "2023-04-24T11:29:21.997Z", "updated_at": "2023-05-03T05:31:13.331Z"}}, {"model": "web_app.custompagecontent", "pk": 5, "fields": {"url": "services/{{x}}", "meta_title": "{{service_obj.name}}", "meta_desc": "{{service_obj.name}}", "featured_image": "", "status": "published", "top_img": "images/dental-png-hd-esthetic-gum-remodeling-1920-e1542325377174_TL66jzR.png", "top_img_heading": "{{service_obj.name}}", "notice": "", "displayimage": "", "aboutDescript": "", "meetteam": "", "afterTeamContent": "", "created_at": "2023-04-24T11:30:38.375Z", "updated_at": "2023-05-03T05:31:13.330Z"}}, {"model": "web_app.homepage", "pk": 1, "fields": {"image": "homepage/demo-2.jpg", "text": "Changing Dental Care for Good", "about_us_heading": "About Us", "about_us_image": "homepage/02I22863-682x1024-1.jpeg", "about_us_text": "<p><strong>Sreehaas Dental Hospital</strong> is a premier dentistry hospital located in <strong>Madinaguda, Hyderabad</strong>, known for its exceptional dental care services. The hospital is well-equipped with state-of-the-art technology and has a team of highly skilled dental professionals dedicated to providing the best possible dental care to their patients.</p>\r\n<p><strong>Sreehaas Dental Hospital</strong> offers a wide range of dental services, including cosmetic dentistry, restorative dentistry, orthodontics, oral surgery, and pediatric dentistry. The hospital uses the latest technology and techniques to ensure that patients receive the most advanced and effective treatments.</p>\r\n<p>One of the key features of <strong>Sreehaas Dental Hospital</strong> is its emphasis on patient comfort and convenience. The hospital has a warm and welcoming environment, and the staff is dedicated to making sure that patients feel relaxed and at ease during their appointments.</p>", "service_heading": "SERVICES", "service_subheading": "Excellent Dental Services", "doctor_heading": "Meet Our Team", "doctor_subheading": "Qualified Dental Professionals", "testimonial_heading": "TESTIMONIAL", "testimonial_subheading": "Patients Say About Our Services"}}, {"model": "web_app.testimonial", "pk": 1, "fields": {"image": "", "Comment": "Very Friendly staff. Well-equipped hospital. Doctors are quite experienced.", "customerName": "Hanumantha parasa", "homePage": 1}}, {"model": "web_app.testimonial", "pk": 2, "fields": {"image": "", "Comment": "I have been there for my Kid dental issue, and they have identified the issue and treated it within 2 sittings. We are much satisfied with their treatment and the way they handled the kid ( 5 Years ). I highly recommend this hospital for any dental issues.", "customerName": "Moksha's Sunil", "homePage": 1}}, {"model": "web_app.testimonial", "pk": 3, "fields": {"image": "", "Comment": "I had a good experience with my dental treatment. Dr. Nikhila is amazing. The staff, doctor, surgeon everyone is so helpful. I did tooth extraction, root canal, and wisdom tooth removal surgery here. For any kind of dental treatment, this is a good clinic.", "customerName": "Ruchita Sakhare", "homePage": 1}}, {"model": "web_app.currency", "pk": 1, "fields": {"currencyName": "Rupees"}}, {"model": "web_app.currency", "pk": 2, "fields": {"currencyName": "Dollars"}}, {"model": "web_app.knowslanguage", "pk": 1, "fields": {"language": "es"}}, {"model": "web_app.knowslanguage", "pk": 2, "fields": {"language": "he"}}, {"model": "web_app.business", "pk": 5, "fields": {"type": "Physician", "map_id": "https://www.google.com/maps/embed?pb=!1m14!1m8!1m3!1d243661.81978412264!2d78.2046377!3d17.4014219!3m2!1i1024!2i768!4f13.1!3m3!1m2!1s0x3bcb92615d0a70fb%3A0x440252274f689e95!2sSreehaas%20Dental%20Hospital!5e0!3m2!1sen!2sin!4v1682943625138!5m2!1sen!2sin", "additional_Type": null, "medical_Specialty": "Multi-Speciality", "payment_Accepted": "cash, Amex, visa, mastercard", "hasMap": "https://www.google.com/maps/place/Sreehaas+Dental+Hospital/@17.4014219,78.2046377,11z/data=!4m6!3m5!1s0x3bcb92615d0a70fb:0x440252274f689e95!8m2!3d17.494768!4d78.343078!16s%2Fg%2F11g698dpfp", "logo": "logo/sreehaas-dental-hospital-hyderabad-1472478478-57c43d0e2a6d8_c5BJnfb.jpg", "telephone": "04048552599", "isAcceptingNewPatients": "True", "url": "http://127.0.0.1:8000/", "name": "Sreehaas Dental Hospital", "AlternateName": "Sreehaas Dental Hospital", "description": "Sreehaas Dental Hospital", "disambiguatingDescription": "Sreehaas Dental Hospital", "foundingDate": "2001", "SameAs": "", "curreny_Accepted": [1], "knows_language": [1, 2]}}, {"model": "web_app.haspart", "pk": 2, "fields": {"business": 5, "type": "CreativeWork", "url": "http://127.0.0.1:8000/#doctors"}}, {"model": "web_app.haspart", "pk": 4, "fields": {"business": 5, "type": "CreativeWork", "url": "http://127.0.0.1:8000/contact-us/"}}, {"model": "web_app.haspart", "pk": 5, "fields": {"business": 5, "type": "CreativeWork", "url": "http://127.0.0.1:8000/about-us/"}}, {"model": "web_app.haspart", "pk": 7, "fields": {"business": 5, "type": "CreativeWork", "url": "http://127.0.0.1:8000/#services"}}, {"model": "web_app.openinghours", "pk": 2, "fields": {"business": 5, "day": "Sunday", "timming": "9 a.m.  9 p.m."}}, {"model": "web_app.openinghours", "pk": 3, "fields": {"business": 5, "day": "Monday", "timming": "9 a.m.  9 p.m."}}, {"model": "web_app.openinghours", "pk": 4, "fields": {"business": 5, "day": "Tuesday", "timming": "9 a.m.  9 p.m."}}, {"model": "web_app.openinghours", "pk": 5, "fields": {"business": 5, "day": "Wednesday", "timming": "9 a.m.  9 p.m."}}, {"model": "web_app.openinghours", "pk": 6, "fields": {"business": 5, "day": "Thursday", "timming": "9 a.m.  9 p.m."}}, {"model": "web_app.openinghours", "pk": 7, "fields": {"business": 5, "day": "Friday", "timming": "9 a.m.  9 p.m."}}, {"model": "web_app.openinghours", "pk": 8, "fields": {"business": 5, "day": "Saturday", "timming": "9 a.m.  9 p.m."}}, {"model": "web_app.adress", "pk": 2, "fields": {"business": 5, "type": "PostalAddress", "postalCode": "500049", "addressRegion": "Hyderabad, Telangana", "addressCountry": "India", "streetAddress": "#Plot No 81,82,Savithramma Plaza", "addressLocality": "Madhinaguda,Miyapur"}}, {"model": "web_app.geo", "pk": 2, "fields": {"business": 5, "type": "GeoCoordinates", "name": "Sreehaas Dental Hospital", "postalCode": "500049", "latitude": "17.509498874715675", "longitude": "78.3420645023204", "description": "Our Dental Hospital location can be found here."}}, {"model": "web_app.areaserved", "pk": 2, "fields": {"business": 5, "type": "City", "name": "Hyderabad", "url": "https://en.wikipedia.org/wiki/Hyderabad"}}, {"model": "web_app.contactpoint", "pk": 2, "fields": {"business": 5, "type": "ContactPoint", "contactType": "Customer Service", "telephone": "04048552599", "email": "not-available@gmail.com"}}, {"model": "web_app.question", "pk": 8, "fields": {"name": "a", "email": "a@gmail.com", "comment": "asdfs", "date": "2023-04-18T10:31:22.213Z"}}, {"model": "web_app.question", "pk": 9, "fields": {"name": "a", "email": "a@gmail.com", "comment": "asdfs", "date": "2023-04-18T10:31:30.782Z"}}, {"model": "web_app.question", "pk": 10, "fields": {"name": "sfsd", "email": "sdf@gmsil.vom", "comment": "sdfs", "date": "2023-04-18T10:31:51.757Z"}}, {"model": "web_app.question", "pk": 11, "fields": {"name": "sfsd", "email": "sdf@gmsil.vom", "comment": "sdfs", "date": "2023-04-18T12:49:18.248Z"}}, {"model": "web_app.question", "pk": 12, "fields": {"name": "sfsd", "email": "sdf@gmsil.vom", "comment": "sdfs", "date": "2023-04-19T04:12:02.800Z"}}, {"model": "web_app.question", "pk": 13, "fields": {"name": "SonyaFax", "email": "woodthighgire1988@gmail.com", "comment": " \r\nGood evening handsome! What's left for you after depression? Fuck me and calm down! https://love2me.page.link/6SuK", "date": "2023-04-24T01:58:37.715Z"}}, {"model": "web_app.question", "pk": 14, "fields": {"name": "Sharon Chan", "email": "sharonchan.websolution@outlook.com", "comment": "How are you?\r\n\r\nCan we talk about your Website?", "date": "2023-04-24T17:04:32.824Z"}}, {"model": "web_app.question", "pk": 15, "fields": {"name": "Raymondmoodo", "email": "no.reply.HarrvLambert@gmail.com", "comment": "Hi! soumyahospitals.com \r\n \r\nDid you know that it is possible to send a business offer completely legally? We offer a unique way of sending requests via contact forms. These kinds of feedback forms can be located on a variety of webpages. \r\nWhen such business proposals are sent, no personal data is used, and messages are sent to forms specifically designed to receive messages and appeals securely. Contact Form messages are generally considered important, so they usually don't end up in spam. \r\nWe are now offering you the chance to use our service for free. \r\nWe can dispatch up to 50,000 messages in your behalf. \r\n \r\nThe cost of sending one million messages is $59. \r\n \r\nThis message was automatically generated. \r\nPlease use the contact details below to get in touch with us. \r\n \r\nContact us. \r\nTelegram - https://t.me/FeedbackFormEU \r\nSkype  live:feedbackform2019 \r\nWhatsApp  +375259112693 \r\nWhatsApp  https://wa.me/+375259112693 \r\n \r\nWe only use chat for communication.", "date": "2023-04-27T12:53:01.284Z"}}, {"model": "web_app.doctor", "pk": 7, "fields": {"name": "Dr. Vishwatejarao", "slug": "dr-vishwatejarao-dental-surgeon", "additional_name": "Dr. Vishwatejarao", "family_name": null, "given_name": null, "gender": "male", "image": "", "image_caption": "Dr. Vishwatejarao Dental Surgeon", "honorific_prefix": "Dr.", "honorific_suffix": null, "job_title": "Dental Surgeon", "description": "<p>Dr. Vishwatejarao is a highly skilled dental surgeon with years of experience in diagnosing and treating complex dental problems. He is known for his exceptional surgical skills and dedication to providing the highest quality of care to his patients.</p>\r\n\r\n<p>As a dental surgeon, Dr. Vishwatejarao is trained to perform a wide range of surgical procedures related to the teeth, gums, and jawbone. He has extensive experience in treating conditions such as impacted teeth, oral cancer, jawbone fractures, and other complex dental issues that require surgery.</p>", "disambiguating_description": null, "additional_type": null, "is_part_of": null, "publisher": 5, "status": "published"}}, {"model": "web_app.doctor", "pk": 8, "fields": {"name": "Dr. Viswa Tejeshwar Rao", "slug": "dr-viswa-tejeshwar-rao-paedodontics-and-preventive-dentistry", "additional_name": "Dr. Viswa Tejeshwar Rao", "family_name": null, "given_name": null, "gender": "male", "image": "", "image_caption": "Dr. Viswa Tejeshwar Rao", "honorific_prefix": "Dr.", "honorific_suffix": null, "job_title": "Pediatric Dentist, Dentist, Dental Surgeon and Implantologist", "description": "<p>Dr. Viswa Teja Rao, MDS Paedodontics and Preventive Dentistry, Managing Director at Sreehaas Dental Hospital, Madinaguda has started his clinic with the motto of treating patients with dental services in Hyderabad. Sreehaas Dental Hospital, Madinaguda has the state of art facilities and it is equipped with doctors for all dental problems</p>", "disambiguating_description": null, "additional_type": null, "is_part_of": null, "publisher": 5, "status": "published"}}, {"model": "web_app.doctoralumni", "pk": 12, "fields": {"doctor": 7, "program_name": "BDS", "name": "Royal Dental College", "url": "http://127.0.0.1:8000/"}}, {"model": "web_app.doctoralumni", "pk": 14, "fields": {"doctor": 8, "program_name": "Unknown", "name": "Unknown", "url": "http://127.0.0.1:8000/"}}, {"model": "web_app.doctoroccupation", "pk": 8, "fields": {"doctor": 7, "name": "Dental Surgeon", "category": "surgery", "description": "A dental surgeon is a specialized dental professional who is trained to perform a variety of surgical procedures related to the teeth, gums, and jawbone. They are skilled in diagnosing and treating complex dental problems such as impacted teeth, oral cancer, jawbone fractures, and other conditions that require surgery.\r\n\r\nA dental surgeon may also perform cosmetic procedures such as dental implants and gum contouring to improve a patient's smile. They work closely with other dental professionals such as orthodontists, periodontists, and endodontists to provide comprehensive dental care to their patients."}}, {"model": "web_app.doctoroccupation", "pk": 9, "fields": {"doctor": 8, "name": "Dental Surgeon", "category": "Surgery", "description": "A dental surgeon is a specialized dental professional who is trained to perform a variety of surgical procedures related to the teeth, gums, and jawbone. They are skilled in diagnosing and treating complex dental problems such as impacted teeth, oral cancer, jawbone fractures, and other conditions that require surgery.\r\n\r\nA dental surgeon may also perform cosmetic procedures such as dental implants and gum contouring to improve a patient's smile. They work closely with other dental professionals such as orthodontists, periodontists, and endodontists to provide comprehensive dental care to their patients."}}, {"model": "web_app.doctorexpertise", "pk": 35, "fields": {"doctor": 8, "type": "text", "name": "Dental Services", "url": "https://en.wikipedia.org/wiki/Dentistry"}}, {"model": "web_app.doctorexpertise", "pk": 36, "fields": {"doctor": 7, "type": "text", "name": "Dental Services", "url": "https://en.wikipedia.org/wiki/Dentistry"}}, {"model": "web_app.service", "pk": 4, "fields": {"name": "Dental Extraction", "slug": "dental-extraction", "type": "Dental Procedure", "additional_type": "https://en.wikipedia.org/wiki/Dental_extraction", "brand": "Dental Care", "description": "A tooth extraction is a procedure to remove a tooth from the gum socket. It is usually done by a general dentist, an oral surgeon, or a periodontist.", "disambiguating_description": null, "image": "images/tooth-extraction_Sk2cfm8.jpg", "image_caption": "Dental Extraction", "potential_action": "Call for a free consultation", "is_part_of": "http://127.0.0.1:8000/", "reviewed_by": 8, "content": "<p>Dental extraction is a dental procedure that involves the removal of a tooth from the mouth. This procedure is typically performed when a tooth is severely decayed or damaged and cannot be repaired with other treatments such as fillings or root canals.</p>\r\n\r\n<p>Dental extraction may also be necessary to remove impacted teeth, which are teeth that do not fully emerge from the gums, or to make space for orthodontic treatment. The procedure is typically performed under local anesthesia, and the dentist or oral surgeon uses specialized tools to loosen and remove the tooth from its socket in the jawbone.</p>\r\n\r\n<p>After the tooth is removed, the patient may experience some discomfort and swelling, which can be managed with pain medication and ice packs. It is important to follow the dentist&#39;s post-operative instructions carefully to ensure proper healing and prevent complications such as infection or dry socket.</p>", "status": "published"}}, {"model": "web_app.service", "pk": 5, "fields": {"name": "Root Canal", "slug": "root-canal", "type": "Dental Procedure", "additional_type": "https://en.wikipedia.org/wiki/Root_canal", "brand": null, "description": "Root canal treatment is designed to eliminate bacteria from the infected root canal, prevent reinfection of the tooth and save the natural tooth.", "disambiguating_description": null, "image": "images/root-canal_2yWYBIh.webp", "image_caption": "Root Canal", "potential_action": "Call for a free consultation", "is_part_of": "http://127.0.0.1:8000/", "reviewed_by": 7, "content": "<p>A root canal is a dental procedure that is used to treat a damaged or infected tooth. The procedure involves removing the damaged or infected pulp from the tooth and filling the resulting space with a special material to restore the tooth&#39;s function and protect it from further damage.</p>\r\n\r\n<p>The need for a root canal typically arises when the tooth&#39;s pulp becomes infected or inflamed due to deep decay, repeated dental procedures on the tooth, or trauma. The procedure is typically performed under local anesthesia and involves removing the pulp, cleaning and shaping the root canals, and filling them with a biocompatible material such as gutta-percha.</p>\r\n\r\n<p>After the root canal, the tooth may be restored with a filling or crown to protect it from further damage. With proper care, a tooth that has undergone a root canal can last a lifetime and provide normal function and appearance.</p>", "status": "published"}}, {"model": "web_app.service", "pk": 6, "fields": {"name": "Wisdom Tooth Extraction", "slug": "wisdom-tooth-extraction", "type": "Dental Procedure", "additional_type": "https://en.wikipedia.org/wiki/Wisdom_tooth", "brand": "Dental Care", "description": "During a wisdom tooth extraction, your dentist or oral surgeon: Makes an incision in the gum tissue to expose the tooth and bone. Removes bone that blocks access to the tooth root. Divides the tooth into sections if it's easier to remove it in pieces.", "disambiguating_description": null, "image": "images/Cost-wisdom-tooth-removal.jpg", "image_caption": "Wisdom Tooth Removal Surgery", "potential_action": "Call for a free consultation", "is_part_of": "http://127.0.0.1:8000/", "reviewed_by": 7, "content": "<p>Wisdom tooth removal is a common dental procedure that is used to remove one or more of the wisdom teeth, which are the third molars located at the back of the mouth. The procedure is typically recommended when the wisdom teeth are impacted or causing other dental problems such as crowding or infection.</p>\r\n\r\n<p>The wisdom tooth removal surgery is typically performed under local anesthesia, and the dentist or oral surgeon may use sedation to help the patient feel more relaxed and comfortable during the procedure. The surgeon will make an incision in the gum tissue to access the tooth and may need to remove some bone tissue to fully extract the tooth.</p>\r\n\r\n<p>After the surgery, the patient may experience some discomfort and swelling, which can be managed with pain medication and ice packs. It is important to follow the dentist&#39;s or oral surgeon&#39;s post-operative instructions carefully to ensure proper healing and prevent complications such as infection or dry socket.</p>\r\n\r\n<p>In most cases, the patient can return to normal activities within a few days after the surgery, but it may take several weeks for the gum tissue to fully heal.</p>", "status": "published"}}, {"model": "web_app.serviceabout", "pk": 4, "fields": {"service": 4, "type": "Thing", "name": "Tooth", "same_as": "https://en.wikipedia.org/wiki/Tooth"}}, {"model": "web_app.serviceabout", "pk": 5, "fields": {"service": 5, "type": "Thing", "name": "Root Canal", "same_as": "https://en.wikipedia.org/wiki/Root_canal"}}, {"model": "web_app.serviceabout", "pk": 6, "fields": {"service": 6, "type": "Thing", "name": "Tooth", "same_as": "https://en.wikipedia.org/wiki/Wisdom_tooth"}}]